fips,date,county,new_cases,new_death
36005.0,2020-01-22,Bronx,0.0,0.0
36047.0,2020-01-22,Kings,0.0,0.0
36061.0,2020-01-22,New York,0.0,0.0
36081.0,2020-01-22,Queens,0.0,0.0
36085.0,2020-01-22,Richmond,0.0,0.0
36005.0,2020-01-23,Bronx,0.0,0.0
36047.0,2020-01-23,Kings,0.0,0.0
36061.0,2020-01-23,New York,0.0,0.0
36081.0,2020-01-23,Queens,0.0,0.0
36085.0,2020-01-23,Richmond,0.0,0.0
36005.0,2020-01-24,Bronx,0.0,0.0
36047.0,2020-01-24,Kings,0.0,0.0
36061.0,2020-01-24,New York,0.0,0.0
36081.0,2020-01-24,Queens,0.0,0.0
36085.0,2020-01-24,Richmond,0.0,0.0
36005.0,2020-01-25,Bronx,0.0,0.0
36047.0,2020-01-25,Kings,0.0,0.0
36061.0,2020-01-25,New York,0.0,0.0
36081.0,2020-01-25,Queens,0.0,0.0
36085.0,2020-01-25,Richmond,0.0,0.0
36005.0,2020-01-26,Bronx,0.0,0.0
36047.0,2020-01-26,Kings,0.0,0.0
36061.0,2020-01-26,New York,0.0,0.0
36081.0,2020-01-26,Queens,0.0,0.0
36085.0,2020-01-26,Richmond,0.0,0.0
36005.0,2020-01-27,Bronx,0.0,0.0
36047.0,2020-01-27,Kings,0.0,0.0
36061.0,2020-01-27,New York,0.0,0.0
36081.0,2020-01-27,Queens,0.0,0.0
36085.0,2020-01-27,Richmond,0.0,0.0
36005.0,2020-01-28,Bronx,0.0,0.0
36047.0,2020-01-28,Kings,0.0,0.0
36061.0,2020-01-28,New York,0.0,0.0
36081.0,2020-01-28,Queens,0.0,0.0
36085.0,2020-01-28,Richmond,0.0,0.0
36005.0,2020-01-29,Bronx,0.0,0.0
36047.0,2020-01-29,Kings,0.0,0.0
36061.0,2020-01-29,New York,0.0,0.0
36081.0,2020-01-29,Queens,0.0,0.0
36085.0,2020-01-29,Richmond,0.0,0.0
36005.0,2020-01-30,Bronx,0.0,0.0
36047.0,2020-01-30,Kings,0.0,0.0
36061.0,2020-01-30,New York,0.0,0.0
36081.0,2020-01-30,Queens,0.0,0.0
36085.0,2020-01-30,Richmond,0.0,0.0
36005.0,2020-01-31,Bronx,0.0,0.0
36047.0,2020-01-31,Kings,0.0,0.0
36061.0,2020-01-31,New York,0.0,0.0
36081.0,2020-01-31,Queens,0.0,0.0
36085.0,2020-01-31,Richmond,0.0,0.0
36005.0,2020-02-01,Bronx,0.0,0.0
36047.0,2020-02-01,Kings,0.0,0.0
36061.0,2020-02-01,New York,0.0,0.0
36081.0,2020-02-01,Queens,0.0,0.0
36085.0,2020-02-01,Richmond,0.0,0.0
36005.0,2020-02-02,Bronx,0.0,0.0
36047.0,2020-02-02,Kings,0.0,0.0
36061.0,2020-02-02,New York,0.0,0.0
36081.0,2020-02-02,Queens,0.0,0.0
36085.0,2020-02-02,Richmond,0.0,0.0
36005.0,2020-02-03,Bronx,0.0,0.0
36047.0,2020-02-03,Kings,0.0,0.0
36061.0,2020-02-03,New York,0.0,0.0
36081.0,2020-02-03,Queens,0.0,0.0
36085.0,2020-02-03,Richmond,0.0,0.0
36005.0,2020-02-04,Bronx,0.0,0.0
36047.0,2020-02-04,Kings,0.0,0.0
36061.0,2020-02-04,New York,0.0,0.0
36081.0,2020-02-04,Queens,0.0,0.0
36085.0,2020-02-04,Richmond,0.0,0.0
36005.0,2020-02-05,Bronx,0.0,0.0
36047.0,2020-02-05,Kings,0.0,0.0
36061.0,2020-02-05,New York,0.0,0.0
36081.0,2020-02-05,Queens,0.0,0.0
36085.0,2020-02-05,Richmond,0.0,0.0
36005.0,2020-02-06,Bronx,0.0,0.0
36047.0,2020-02-06,Kings,0.0,0.0
36061.0,2020-02-06,New York,0.0,0.0
36081.0,2020-02-06,Queens,0.0,0.0
36085.0,2020-02-06,Richmond,0.0,0.0
36005.0,2020-02-07,Bronx,0.0,0.0
36047.0,2020-02-07,Kings,0.0,0.0
36061.0,2020-02-07,New York,0.0,0.0
36081.0,2020-02-07,Queens,0.0,0.0
36085.0,2020-02-07,Richmond,0.0,0.0
36005.0,2020-02-08,Bronx,0.0,0.0
36047.0,2020-02-08,Kings,0.0,0.0
36061.0,2020-02-08,New York,0.0,0.0
36081.0,2020-02-08,Queens,0.0,0.0
36085.0,2020-02-08,Richmond,0.0,0.0
36005.0,2020-02-09,Bronx,0.0,0.0
36047.0,2020-02-09,Kings,0.0,0.0
36061.0,2020-02-09,New York,0.0,0.0
36081.0,2020-02-09,Queens,0.0,0.0
36085.0,2020-02-09,Richmond,0.0,0.0
36005.0,2020-02-10,Bronx,0.0,0.0
36047.0,2020-02-10,Kings,0.0,0.0
36061.0,2020-02-10,New York,0.0,0.0
36081.0,2020-02-10,Queens,0.0,0.0
36085.0,2020-02-10,Richmond,0.0,0.0
36005.0,2020-02-11,Bronx,0.0,0.0
36047.0,2020-02-11,Kings,0.0,0.0
36061.0,2020-02-11,New York,0.0,0.0
36081.0,2020-02-11,Queens,0.0,0.0
36085.0,2020-02-11,Richmond,0.0,0.0
36005.0,2020-02-12,Bronx,0.0,0.0
36047.0,2020-02-12,Kings,0.0,0.0
36061.0,2020-02-12,New York,0.0,0.0
36081.0,2020-02-12,Queens,0.0,0.0
36085.0,2020-02-12,Richmond,0.0,0.0
36005.0,2020-02-13,Bronx,0.0,0.0
36047.0,2020-02-13,Kings,0.0,0.0
36061.0,2020-02-13,New York,0.0,0.0
36081.0,2020-02-13,Queens,0.0,0.0
36085.0,2020-02-13,Richmond,0.0,0.0
36005.0,2020-02-14,Bronx,0.0,0.0
36047.0,2020-02-14,Kings,0.0,0.0
36061.0,2020-02-14,New York,0.0,0.0
36081.0,2020-02-14,Queens,0.0,0.0
36085.0,2020-02-14,Richmond,0.0,0.0
36005.0,2020-02-15,Bronx,0.0,0.0
36047.0,2020-02-15,Kings,0.0,0.0
36061.0,2020-02-15,New York,0.0,0.0
36081.0,2020-02-15,Queens,0.0,0.0
36085.0,2020-02-15,Richmond,0.0,0.0
36005.0,2020-02-16,Bronx,0.0,0.0
36047.0,2020-02-16,Kings,0.0,0.0
36061.0,2020-02-16,New York,0.0,0.0
36081.0,2020-02-16,Queens,0.0,0.0
36085.0,2020-02-16,Richmond,0.0,0.0
36005.0,2020-02-17,Bronx,0.0,0.0
36047.0,2020-02-17,Kings,0.0,0.0
36061.0,2020-02-17,New York,0.0,0.0
36081.0,2020-02-17,Queens,0.0,0.0
36085.0,2020-02-17,Richmond,0.0,0.0
36005.0,2020-02-18,Bronx,0.0,0.0
36047.0,2020-02-18,Kings,0.0,0.0
36061.0,2020-02-18,New York,0.0,0.0
36081.0,2020-02-18,Queens,0.0,0.0
36085.0,2020-02-18,Richmond,0.0,0.0
36005.0,2020-02-19,Bronx,0.0,0.0
36047.0,2020-02-19,Kings,0.0,0.0
36061.0,2020-02-19,New York,0.0,0.0
36081.0,2020-02-19,Queens,0.0,0.0
36085.0,2020-02-19,Richmond,0.0,0.0
36005.0,2020-02-20,Bronx,0.0,0.0
36047.0,2020-02-20,Kings,0.0,0.0
36061.0,2020-02-20,New York,0.0,0.0
36081.0,2020-02-20,Queens,0.0,0.0
36085.0,2020-02-20,Richmond,0.0,0.0
36005.0,2020-02-21,Bronx,0.0,0.0
36047.0,2020-02-21,Kings,0.0,0.0
36061.0,2020-02-21,New York,0.0,0.0
36081.0,2020-02-21,Queens,0.0,0.0
36085.0,2020-02-21,Richmond,0.0,0.0
36005.0,2020-02-22,Bronx,0.0,0.0
36047.0,2020-02-22,Kings,0.0,0.0
36061.0,2020-02-22,New York,0.0,0.0
36081.0,2020-02-22,Queens,0.0,0.0
36085.0,2020-02-22,Richmond,0.0,0.0
36005.0,2020-02-23,Bronx,0.0,0.0
36047.0,2020-02-23,Kings,0.0,0.0
36061.0,2020-02-23,New York,0.0,0.0
36081.0,2020-02-23,Queens,0.0,0.0
36085.0,2020-02-23,Richmond,0.0,0.0
36005.0,2020-02-24,Bronx,0.0,0.0
36047.0,2020-02-24,Kings,0.0,0.0
36061.0,2020-02-24,New York,0.0,0.0
36081.0,2020-02-24,Queens,0.0,0.0
36085.0,2020-02-24,Richmond,0.0,0.0
36005.0,2020-02-25,Bronx,0.0,0.0
36047.0,2020-02-25,Kings,0.0,0.0
36061.0,2020-02-25,New York,0.0,0.0
36081.0,2020-02-25,Queens,0.0,0.0
36085.0,2020-02-25,Richmond,0.0,0.0
36005.0,2020-02-26,Bronx,0.0,0.0
36047.0,2020-02-26,Kings,0.0,0.0
36061.0,2020-02-26,New York,0.0,0.0
36081.0,2020-02-26,Queens,0.0,0.0
36085.0,2020-02-26,Richmond,0.0,0.0
36005.0,2020-02-27,Bronx,0.0,0.0
36047.0,2020-02-27,Kings,0.0,0.0
36061.0,2020-02-27,New York,0.0,0.0
36081.0,2020-02-27,Queens,0.0,0.0
36085.0,2020-02-27,Richmond,0.0,0.0
36005.0,2020-02-28,Bronx,0.0,0.0
36047.0,2020-02-28,Kings,0.0,0.0
36061.0,2020-02-28,New York,0.0,0.0
36081.0,2020-02-28,Queens,0.0,0.0
36085.0,2020-02-28,Richmond,0.0,0.0
36005.0,2020-02-29,Bronx,0.0,0.0
36047.0,2020-02-29,Kings,0.0,0.0
36061.0,2020-02-29,New York,0.0,0.0
36081.0,2020-02-29,Queens,0.0,0.0
36085.0,2020-02-29,Richmond,0.0,0.0
36005.0,2020-03-01,Bronx,0.0,0.0
36047.0,2020-03-01,Kings,0.0,0.0
36061.0,2020-03-01,New York,0.0,0.0
36081.0,2020-03-01,Queens,0.0,0.0
36085.0,2020-03-01,Richmond,0.0,0.0
36005.0,2020-03-02,Bronx,0.0,0.0
36047.0,2020-03-02,Kings,0.0,0.0
36061.0,2020-03-02,New York,0.0,0.0
36081.0,2020-03-02,Queens,0.0,0.0
36085.0,2020-03-02,Richmond,0.0,0.0
36005.0,2020-03-03,Bronx,0.0,0.0
36047.0,2020-03-03,Kings,0.0,0.0
36061.0,2020-03-03,New York,0.0,0.0
36081.0,2020-03-03,Queens,0.0,0.0
36085.0,2020-03-03,Richmond,0.0,0.0
36005.0,2020-03-04,Bronx,0.0,0.0
36047.0,2020-03-04,Kings,0.0,0.0
36061.0,2020-03-04,New York,0.0,0.0
36081.0,2020-03-04,Queens,0.0,0.0
36085.0,2020-03-04,Richmond,0.0,0.0
36005.0,2020-03-05,Bronx,0.0,0.0
36047.0,2020-03-05,Kings,1.0,0.0
36061.0,2020-03-05,New York,1.0,0.0
36081.0,2020-03-05,Queens,0.0,0.0
36085.0,2020-03-05,Richmond,0.0,0.0
36005.0,2020-03-06,Bronx,0.0,0.0
36047.0,2020-03-06,Kings,0.0,0.0
36061.0,2020-03-06,New York,1.0,0.0
36081.0,2020-03-06,Queens,1.0,0.0
36085.0,2020-03-06,Richmond,0.0,0.0
36005.0,2020-03-07,Bronx,0.0,0.0
36047.0,2020-03-07,Kings,3.0,0.0
36061.0,2020-03-07,New York,3.0,0.0
36081.0,2020-03-07,Queens,1.0,0.0
36085.0,2020-03-07,Richmond,0.0,0.0
36005.0,2020-03-08,Bronx,0.0,0.0
36047.0,2020-03-08,Kings,0.0,0.0
36061.0,2020-03-08,New York,0.0,0.0
36081.0,2020-03-08,Queens,0.0,0.0
36085.0,2020-03-08,Richmond,0.0,0.0
36005.0,2020-03-09,Bronx,1.0,0.0
36047.0,2020-03-09,Kings,2.0,0.0
36061.0,2020-03-09,New York,0.0,0.0
36081.0,2020-03-09,Queens,1.0,0.0
36085.0,2020-03-09,Richmond,0.0,0.0
36005.0,2020-03-10,Bronx,4.0,0.0
36047.0,2020-03-10,Kings,1.0,0.0
36061.0,2020-03-10,New York,7.0,0.0
36081.0,2020-03-10,Queens,0.0,0.0
36085.0,2020-03-10,Richmond,0.0,0.0
36005.0,2020-03-11,Bronx,0.0,0.0
36047.0,2020-03-11,Kings,7.0,0.0
36061.0,2020-03-11,New York,12.0,0.0
36081.0,2020-03-11,Queens,4.0,1.0
36085.0,2020-03-11,Richmond,1.0,0.0
36005.0,2020-03-12,Bronx,2.0,0.0
36047.0,2020-03-12,Kings,2.0,0.0
36061.0,2020-03-12,New York,3.0,0.0
36081.0,2020-03-12,Queens,5.0,0.0
36085.0,2020-03-12,Richmond,1.0,0.0
36005.0,2020-03-13,Bronx,3.0,0.0
36047.0,2020-03-13,Kings,8.0,0.0
36061.0,2020-03-13,New York,18.0,0.0
36081.0,2020-03-13,Queens,15.0,0.0
36085.0,2020-03-13,Richmond,4.0,0.0
36005.0,2020-03-14,Bronx,10.0,0.0
36047.0,2020-03-14,Kings,17.0,1.0
36061.0,2020-03-14,New York,39.0,0.0
36081.0,2020-03-14,Queens,30.0,1.0
36085.0,2020-03-14,Richmond,5.0,0.0
36005.0,2020-03-15,Bronx,8.0,1.0
36047.0,2020-03-15,Kings,17.0,0.0
36061.0,2020-03-15,New York,28.0,2.0
36081.0,2020-03-15,Queens,18.0,1.0
36085.0,2020-03-15,Richmond,3.0,1.0
36005.0,2020-03-16,Bronx,29.0,3.0
36047.0,2020-03-16,Kings,26.0,1.0
36061.0,2020-03-16,New York,60.0,0.0
36081.0,2020-03-16,Queens,49.0,4.0
36085.0,2020-03-16,Richmond,6.0,0.0
36005.0,2020-03-17,Bronx,29.0,1.0
36047.0,2020-03-17,Kings,39.0,4.0
36061.0,2020-03-17,New York,69.0,0.0
36081.0,2020-03-17,Queens,38.0,3.0
36085.0,2020-03-17,Richmond,11.0,0.0
36005.0,2020-03-18,Bronx,123.0,1.0
36047.0,2020-03-18,Kings,264.0,6.0
36061.0,2020-03-18,New York,161.0,4.0
36081.0,2020-03-18,Queens,123.0,10.0
36085.0,2020-03-18,Richmond,26.0,0.0
36005.0,2020-03-19,Bronx,154.0,4.0
36047.0,2020-03-19,Kings,273.0,6.0
36061.0,2020-03-19,New York,335.0,4.0
36081.0,2020-03-19,Queens,336.0,6.0
36085.0,2020-03-19,Richmond,33.0,4.0
36005.0,2020-03-20,Bronx,191.0,13.0
36047.0,2020-03-20,Kings,674.0,11.0
36061.0,2020-03-20,New York,437.0,11.0
36081.0,2020-03-20,Queens,519.0,9.0
36085.0,2020-03-20,Richmond,116.0,3.0
36005.0,2020-03-21,Bronx,297.0,12.0
36047.0,2020-03-21,Kings,538.0,12.0
36061.0,2020-03-21,New York,370.0,5.0
36081.0,2020-03-21,Queens,491.0,14.0
36085.0,2020-03-21,Richmond,109.0,1.0
36005.0,2020-03-22,Bronx,367.0,12.0
36047.0,2020-03-22,Kings,893.0,10.0
36061.0,2020-03-22,New York,522.0,8.0
36081.0,2020-03-22,Queens,843.0,14.0
36085.0,2020-03-22,Richmond,207.0,6.0
36005.0,2020-03-23,Bronx,606.0,12.0
36047.0,2020-03-23,Kings,702.0,27.0
36061.0,2020-03-23,New York,607.0,7.0
36081.0,2020-03-23,Queens,1152.0,28.0
36085.0,2020-03-23,Richmond,193.0,8.0
36005.0,2020-03-24,Bronx,455.0,14.0
36047.0,2020-03-24,Kings,700.0,23.0
36061.0,2020-03-24,New York,405.0,17.0
36081.0,2020-03-24,Queens,839.0,35.0
36085.0,2020-03-24,Richmond,200.0,6.0
36005.0,2020-03-25,Bronx,611.0,31.0
36047.0,2020-03-25,Kings,779.0,36.0
36061.0,2020-03-25,New York,442.0,20.0
36081.0,2020-03-25,Queens,1010.0,32.0
36085.0,2020-03-25,Richmond,110.0,4.0
36005.0,2020-03-26,Bronx,838.0,37.0
36047.0,2020-03-26,Kings,755.0,50.0
36061.0,2020-03-26,New York,542.0,33.0
36081.0,2020-03-26,Queens,1238.0,60.0
36085.0,2020-03-26,Richmond,164.0,10.0
36005.0,2020-03-27,Bronx,829.0,35.0
36047.0,2020-03-27,Kings,1106.0,75.0
36061.0,2020-03-27,New York,523.0,42.0
36081.0,2020-03-27,Queens,1324.0,58.0
36085.0,2020-03-27,Richmond,223.0,7.0
36005.0,2020-03-28,Bronx,846.0,62.0
36047.0,2020-03-28,Kings,1238.0,78.0
36061.0,2020-03-28,New York,631.0,28.0
36081.0,2020-03-28,Queens,1238.0,93.0
36085.0,2020-03-28,Richmond,415.0,13.0
36005.0,2020-03-29,Bronx,901.0,55.0
36047.0,2020-03-29,Kings,973.0,90.0
36061.0,2020-03-29,New York,590.0,35.0
36081.0,2020-03-29,Queens,1136.0,95.0
36085.0,2020-03-29,Richmond,402.0,17.0
36005.0,2020-03-30,Bronx,658.0,75.0
36047.0,2020-03-30,Kings,1011.0,106.0
36061.0,2020-03-30,New York,422.0,34.0
36081.0,2020-03-30,Queens,1258.0,99.0
36085.0,2020-03-30,Richmond,336.0,11.0
36005.0,2020-03-31,Bronx,804.0,97.0
36047.0,2020-03-31,Kings,1888.0,126.0
36061.0,2020-03-31,New York,648.0,42.0
36081.0,2020-03-31,Queens,2022.0,97.0
36085.0,2020-03-31,Richmond,324.0,22.0
36005.0,2020-04-01,Bronx,2368.0,93.0
36047.0,2020-04-01,Kings,3411.0,136.0
36061.0,2020-04-01,New York,1297.0,59.0
36081.0,2020-04-01,Queens,2705.0,144.0
36085.0,2020-04-01,Richmond,948.0,16.0
36005.0,2020-04-02,Bronx,1329.0,97.0
36047.0,2020-04-02,Kings,1781.0,168.0
36061.0,2020-04-02,New York,824.0,62.0
36081.0,2020-04-02,Queens,1883.0,140.0
36085.0,2020-04-02,Richmond,398.0,30.0
36005.0,2020-04-03,Bronx,1298.0,116.0
36047.0,2020-04-03,Kings,1540.0,141.0
36061.0,2020-04-03,New York,628.0,52.0
36081.0,2020-04-03,Queens,1840.0,160.0
36085.0,2020-04-03,Richmond,238.0,29.0
36005.0,2020-04-04,Bronx,1257.0,107.0
36047.0,2020-04-04,Kings,1624.0,163.0
36061.0,2020-04-04,New York,587.0,63.0
36081.0,2020-04-04,Queens,1817.0,157.0
36085.0,2020-04-04,Richmond,266.0,20.0
36005.0,2020-04-05,Bronx,1332.0,123.0
36047.0,2020-04-05,Kings,1662.0,167.0
36061.0,2020-04-05,New York,666.0,86.0
36081.0,2020-04-05,Queens,1877.0,182.0
36085.0,2020-04-05,Richmond,376.0,22.0
36005.0,2020-04-06,Bronx,1482.0,112.0
36047.0,2020-04-06,Kings,1503.0,169.0
36061.0,2020-04-06,New York,695.0,69.0
36081.0,2020-04-06,Queens,1807.0,202.0
36085.0,2020-04-06,Richmond,349.0,24.0
36005.0,2020-04-07,Bronx,1050.0,115.0
36047.0,2020-04-07,Kings,986.0,179.0
36061.0,2020-04-07,New York,411.0,92.0
36081.0,2020-04-07,Queens,1254.0,183.0
36085.0,2020-04-07,Richmond,347.0,29.0
36005.0,2020-04-08,Bronx,855.0,114.0
36047.0,2020-04-08,Kings,1199.0,173.0
36061.0,2020-04-08,New York,381.0,66.0
36081.0,2020-04-08,Queens,1188.0,182.0
36085.0,2020-04-08,Richmond,329.0,34.0
36005.0,2020-04-09,Bronx,1552.0,108.0
36047.0,2020-04-09,Kings,1552.0,190.0
36061.0,2020-04-09,New York,754.0,65.0
36081.0,2020-04-09,Queens,1982.0,172.0
36085.0,2020-04-09,Richmond,738.0,25.0
36005.0,2020-04-10,Bronx,1504.0,118.0
36047.0,2020-04-10,Kings,1476.0,178.0
36061.0,2020-04-10,New York,635.0,69.0
36081.0,2020-04-10,Queens,2006.0,155.0
36085.0,2020-04-10,Richmond,639.0,19.0
36005.0,2020-04-11,Bronx,1342.0,133.0
36047.0,2020-04-11,Kings,1388.0,160.0
36061.0,2020-04-11,New York,569.0,59.0
36081.0,2020-04-11,Queens,1909.0,163.0
36085.0,2020-04-11,Richmond,571.0,28.0
36005.0,2020-04-12,Bronx,1318.0,110.0
36047.0,2020-04-12,Kings,1439.0,200.0
36061.0,2020-04-12,New York,590.0,62.0
36081.0,2020-04-12,Queens,1612.0,174.0
36085.0,2020-04-12,Richmond,307.0,26.0
36005.0,2020-04-13,Bronx,1267.0,122.0
36047.0,2020-04-13,Kings,1210.0,159.0
36061.0,2020-04-13,New York,520.0,72.0
36081.0,2020-04-13,Queens,1390.0,193.0
36085.0,2020-04-13,Richmond,305.0,25.0
36005.0,2020-04-14,Bronx,1034.0,111.0
36047.0,2020-04-14,Kings,1185.0,153.0
36061.0,2020-04-14,New York,322.0,59.0
36081.0,2020-04-14,Queens,1045.0,163.0
36085.0,2020-04-14,Richmond,316.0,24.0
36005.0,2020-04-15,Bronx,799.0,94.0
36047.0,2020-04-15,Kings,766.0,131.0
36061.0,2020-04-15,New York,277.0,55.0
36081.0,2020-04-15,Queens,959.0,151.0
36085.0,2020-04-15,Richmond,260.0,24.0
36005.0,2020-04-16,Bronx,723.0,86.0
36047.0,2020-04-16,Kings,1152.0,126.0
36061.0,2020-04-16,New York,408.0,56.0
36081.0,2020-04-16,Queens,1020.0,132.0
36085.0,2020-04-16,Richmond,193.0,14.0
36005.0,2020-04-17,Bronx,1113.0,88.0
36047.0,2020-04-17,Kings,1082.0,118.0
36061.0,2020-04-17,New York,460.0,41.0
36081.0,2020-04-17,Queens,1337.0,122.0
36085.0,2020-04-17,Richmond,294.0,15.0
36005.0,2020-04-18,Bronx,1099.0,62.0
36047.0,2020-04-18,Kings,911.0,117.0
36061.0,2020-04-18,New York,448.0,57.0
36081.0,2020-04-18,Queens,1201.0,136.0
36085.0,2020-04-18,Richmond,323.0,19.0
36005.0,2020-04-19,Bronx,975.0,78.0
36047.0,2020-04-19,Kings,928.0,118.0
36061.0,2020-04-19,New York,371.0,48.0
36081.0,2020-04-19,Queens,1182.0,136.0
36085.0,2020-04-19,Richmond,213.0,19.0
36005.0,2020-04-20,Bronx,936.0,78.0
36047.0,2020-04-20,Kings,995.0,95.0
36061.0,2020-04-20,New York,338.0,49.0
36081.0,2020-04-20,Queens,1123.0,126.0
36085.0,2020-04-20,Richmond,284.0,16.0
36005.0,2020-04-21,Bronx,575.0,70.0
36047.0,2020-04-21,Kings,610.0,91.0
36061.0,2020-04-21,New York,202.0,47.0
36081.0,2020-04-21,Queens,741.0,103.0
36085.0,2020-04-21,Richmond,159.0,11.0
36005.0,2020-04-22,Bronx,552.0,67.0
36047.0,2020-04-22,Kings,660.0,108.0
36061.0,2020-04-22,New York,195.0,37.0
36081.0,2020-04-22,Queens,886.0,86.0
36085.0,2020-04-22,Richmond,142.0,14.0
36005.0,2020-04-23,Bronx,1003.0,59.0
36047.0,2020-04-23,Kings,1013.0,106.0
36061.0,2020-04-23,New York,393.0,47.0
36081.0,2020-04-23,Queens,1248.0,107.0
36085.0,2020-04-23,Richmond,230.0,13.0
36005.0,2020-04-24,Bronx,659.0,62.0
36047.0,2020-04-24,Kings,925.0,93.0
36061.0,2020-04-24,New York,386.0,48.0
36081.0,2020-04-24,Queens,965.0,98.0
36085.0,2020-04-24,Richmond,221.0,14.0
36005.0,2020-04-25,Bronx,943.0,57.0
36047.0,2020-04-25,Kings,877.0,76.0
36061.0,2020-04-25,New York,400.0,42.0
36081.0,2020-04-25,Queens,1132.0,81.0
36085.0,2020-04-25,Richmond,177.0,9.0
36005.0,2020-04-26,Bronx,749.0,54.0
36047.0,2020-04-26,Kings,811.0,61.0
36061.0,2020-04-26,New York,410.0,34.0
36081.0,2020-04-26,Queens,818.0,90.0
36085.0,2020-04-26,Richmond,132.0,7.0
36005.0,2020-04-27,Bronx,594.0,54.0
36047.0,2020-04-27,Kings,648.0,88.0
36061.0,2020-04-27,New York,415.0,29.0
36081.0,2020-04-27,Queens,790.0,91.0
36085.0,2020-04-27,Richmond,146.0,9.0
36005.0,2020-04-28,Bronx,423.0,56.0
36047.0,2020-04-28,Kings,426.0,57.0
36061.0,2020-04-28,New York,151.0,34.0
36081.0,2020-04-28,Queens,557.0,73.0
36085.0,2020-04-28,Richmond,90.0,8.0
36005.0,2020-04-29,Bronx,206.0,40.0
36047.0,2020-04-29,Kings,352.0,72.0
36061.0,2020-04-29,New York,110.0,33.0
36081.0,2020-04-29,Queens,337.0,81.0
36085.0,2020-04-29,Richmond,49.0,14.0
36005.0,2020-04-30,Bronx,560.0,45.0
36047.0,2020-04-30,Kings,626.0,66.0
36061.0,2020-04-30,New York,308.0,34.0
36081.0,2020-04-30,Queens,730.0,67.0
36085.0,2020-04-30,Richmond,109.0,11.0
36005.0,2020-05-01,Bronx,677.0,45.0
36047.0,2020-05-01,Kings,720.0,55.0
36061.0,2020-05-01,New York,327.0,25.0
36081.0,2020-05-01,Queens,904.0,76.0
36085.0,2020-05-01,Richmond,132.0,8.0
36005.0,2020-05-02,Bronx,564.0,49.0
36047.0,2020-05-02,Kings,693.0,46.0
36061.0,2020-05-02,New York,292.0,23.0
36081.0,2020-05-02,Queens,701.0,61.0
36085.0,2020-05-02,Richmond,126.0,12.0
36005.0,2020-05-03,Bronx,488.0,27.0
36047.0,2020-05-03,Kings,612.0,46.0
36061.0,2020-05-03,New York,220.0,35.0
36081.0,2020-05-03,Queens,599.0,55.0
36085.0,2020-05-03,Richmond,131.0,15.0
36005.0,2020-05-04,Bronx,455.0,35.0
36047.0,2020-05-04,Kings,512.0,42.0
36061.0,2020-05-04,New York,248.0,19.0
36081.0,2020-05-04,Queens,626.0,55.0
36085.0,2020-05-04,Richmond,84.0,8.0
36005.0,2020-05-05,Bronx,269.0,27.0
36047.0,2020-05-05,Kings,276.0,49.0
36061.0,2020-05-05,New York,143.0,18.0
36081.0,2020-05-05,Queens,340.0,45.0
36085.0,2020-05-05,Richmond,62.0,12.0
36005.0,2020-05-06,Bronx,158.0,29.0
36047.0,2020-05-06,Kings,259.0,38.0
36061.0,2020-05-06,New York,106.0,17.0
36081.0,2020-05-06,Queens,255.0,58.0
36085.0,2020-05-06,Richmond,36.0,8.0
36005.0,2020-05-07,Bronx,355.0,28.0
36047.0,2020-05-07,Kings,472.0,45.0
36061.0,2020-05-07,New York,224.0,23.0
36081.0,2020-05-07,Queens,441.0,41.0
36085.0,2020-05-07,Richmond,93.0,4.0
36005.0,2020-05-08,Bronx,296.0,22.0
36047.0,2020-05-08,Kings,440.0,43.0
36061.0,2020-05-08,New York,246.0,13.0
36081.0,2020-05-08,Queens,467.0,48.0
36085.0,2020-05-08,Richmond,79.0,5.0
36005.0,2020-05-09,Bronx,288.0,21.0
36047.0,2020-05-09,Kings,465.0,28.0
36061.0,2020-05-09,New York,167.0,15.0
36081.0,2020-05-09,Queens,446.0,33.0
36085.0,2020-05-09,Richmond,60.0,3.0
36005.0,2020-05-10,Bronx,302.0,13.0
36047.0,2020-05-10,Kings,411.0,26.0
36061.0,2020-05-10,New York,120.0,20.0
36081.0,2020-05-10,Queens,360.0,36.0
36085.0,2020-05-10,Richmond,62.0,8.0
36005.0,2020-05-11,Bronx,257.0,27.0
36047.0,2020-05-11,Kings,348.0,32.0
36061.0,2020-05-11,New York,105.0,14.0
36081.0,2020-05-11,Queens,352.0,27.0
36085.0,2020-05-11,Richmond,42.0,3.0
36005.0,2020-05-12,Bronx,175.0,20.0
36047.0,2020-05-12,Kings,125.0,33.0
36061.0,2020-05-12,New York,78.0,14.0
36081.0,2020-05-12,Queens,256.0,18.0
36085.0,2020-05-12,Richmond,32.0,6.0
36005.0,2020-05-13,Bronx,79.0,16.0
36047.0,2020-05-13,Kings,193.0,23.0
36061.0,2020-05-13,New York,97.0,8.0
36081.0,2020-05-13,Queens,86.0,30.0
36085.0,2020-05-13,Richmond,14.0,6.0
36005.0,2020-05-14,Bronx,228.0,11.0
36047.0,2020-05-14,Kings,417.0,14.0
36061.0,2020-05-14,New York,195.0,16.0
36081.0,2020-05-14,Queens,376.0,23.0
36085.0,2020-05-14,Richmond,28.0,6.0
36005.0,2020-05-15,Bronx,358.0,16.0
36047.0,2020-05-15,Kings,406.0,26.0
36061.0,2020-05-15,New York,165.0,11.0
36081.0,2020-05-15,Queens,316.0,27.0
36085.0,2020-05-15,Richmond,53.0,6.0
36005.0,2020-05-16,Bronx,463.0,26.0
36047.0,2020-05-16,Kings,364.0,24.0
36061.0,2020-05-16,New York,159.0,10.0
36081.0,2020-05-16,Queens,309.0,21.0
36085.0,2020-05-16,Richmond,47.0,2.0
36005.0,2020-05-17,Bronx,258.0,19.0
36047.0,2020-05-17,Kings,338.0,19.0
36061.0,2020-05-17,New York,154.0,11.0
36081.0,2020-05-17,Queens,333.0,26.0
36085.0,2020-05-17,Richmond,44.0,2.0
36005.0,2020-05-18,Bronx,182.0,891.0
36047.0,2020-05-18,Kings,263.0,1553.0
36061.0,2020-05-18,New York,140.0,610.0
36081.0,2020-05-18,Queens,267.0,1200.0
36085.0,2020-05-18,Richmond,33.0,170.0
36005.0,2020-05-19,Bronx,109.0,6.0
36047.0,2020-05-19,Kings,175.0,22.0
36061.0,2020-05-19,New York,54.0,15.0
36081.0,2020-05-19,Queens,140.0,13.0
36085.0,2020-05-19,Richmond,25.0,4.0
36005.0,2020-05-20,Bronx,58.0,23.0
36047.0,2020-05-20,Kings,141.0,36.0
36061.0,2020-05-20,New York,51.0,16.0
36081.0,2020-05-20,Queens,110.0,32.0
36085.0,2020-05-20,Richmond,10.0,8.0
36005.0,2020-05-21,Bronx,187.0,16.0
36047.0,2020-05-21,Kings,269.0,32.0
36061.0,2020-05-21,New York,133.0,6.0
36081.0,2020-05-21,Queens,276.0,15.0
36085.0,2020-05-21,Richmond,38.0,3.0
36005.0,2020-05-22,Bronx,183.0,16.0
36047.0,2020-05-22,Kings,333.0,18.0
36061.0,2020-05-22,New York,167.0,6.0
36081.0,2020-05-22,Queens,288.0,28.0
36085.0,2020-05-22,Richmond,42.0,6.0
36005.0,2020-05-23,Bronx,278.0,19.0
36047.0,2020-05-23,Kings,325.0,28.0
36061.0,2020-05-23,New York,166.0,8.0
36081.0,2020-05-23,Queens,256.0,18.0
36085.0,2020-05-23,Richmond,56.0,3.0
36005.0,2020-05-24,Bronx,202.0,14.0
36047.0,2020-05-24,Kings,340.0,18.0
36061.0,2020-05-24,New York,145.0,6.0
36081.0,2020-05-24,Queens,311.0,15.0
36085.0,2020-05-24,Richmond,78.0,5.0
36005.0,2020-05-25,Bronx,265.0,14.0
36047.0,2020-05-25,Kings,359.0,17.0
36061.0,2020-05-25,New York,153.0,17.0
36081.0,2020-05-25,Queens,240.0,17.0
36085.0,2020-05-25,Richmond,33.0,5.0
36005.0,2020-05-26,Bronx,90.0,2.0
36047.0,2020-05-26,Kings,145.0,9.0
36061.0,2020-05-26,New York,49.0,2.0
36081.0,2020-05-26,Queens,138.0,4.0
36085.0,2020-05-26,Richmond,37.0,-1.0
36005.0,2020-05-27,Bronx,101.0,11.0
36047.0,2020-05-27,Kings,162.0,11.0
36061.0,2020-05-27,New York,71.0,9.0
36081.0,2020-05-27,Queens,122.0,16.0
36085.0,2020-05-27,Richmond,15.0,2.0
36005.0,2020-05-28,Bronx,105.0,20.0
36047.0,2020-05-28,Kings,161.0,16.0
36061.0,2020-05-28,New York,71.0,3.0
36081.0,2020-05-28,Queens,117.0,16.0
36085.0,2020-05-28,Richmond,17.0,2.0
36005.0,2020-05-29,Bronx,286.0,8.0
36047.0,2020-05-29,Kings,320.0,23.0
36061.0,2020-05-29,New York,128.0,12.0
36081.0,2020-05-29,Queens,269.0,14.0
36085.0,2020-05-29,Richmond,57.0,4.0
36005.0,2020-05-30,Bronx,182.0,14.0
36047.0,2020-05-30,Kings,248.0,16.0
36061.0,2020-05-30,New York,110.0,14.0
36081.0,2020-05-30,Queens,165.0,20.0
36085.0,2020-05-30,Richmond,43.0,1.0
36005.0,2020-05-31,Bronx,118.0,10.0
36047.0,2020-05-31,Kings,224.0,17.0
36061.0,2020-05-31,New York,99.0,3.0
36081.0,2020-05-31,Queens,180.0,18.0
36085.0,2020-05-31,Richmond,30.0,3.0
36005.0,2020-06-01,Bronx,169.0,5.0
36047.0,2020-06-01,Kings,172.0,16.0
36061.0,2020-06-01,New York,74.0,7.0
36081.0,2020-06-01,Queens,212.0,17.0
36085.0,2020-06-01,Richmond,29.0,3.0
36005.0,2020-06-02,Bronx,81.0,9.0
36047.0,2020-06-02,Kings,105.0,10.0
36061.0,2020-06-02,New York,40.0,14.0
36081.0,2020-06-02,Queens,111.0,16.0
36085.0,2020-06-02,Richmond,16.0,0.0
36005.0,2020-06-03,Bronx,33.0,14.0
36047.0,2020-06-03,Kings,86.0,18.0
36061.0,2020-06-03,New York,26.0,6.0
36081.0,2020-06-03,Queens,82.0,12.0
36085.0,2020-06-03,Richmond,12.0,4.0
36005.0,2020-06-04,Bronx,163.0,11.0
36047.0,2020-06-04,Kings,256.0,14.0
36061.0,2020-06-04,New York,79.0,12.0
36081.0,2020-06-04,Queens,158.0,12.0
36085.0,2020-06-04,Richmond,42.0,5.0
36005.0,2020-06-05,Bronx,121.0,9.0
36047.0,2020-06-05,Kings,187.0,7.0
36061.0,2020-06-05,New York,72.0,5.0
36081.0,2020-06-05,Queens,166.0,0.0
36085.0,2020-06-05,Richmond,36.0,0.0
36005.0,2020-06-06,Bronx,113.0,10.0
36047.0,2020-06-06,Kings,137.0,13.0
36061.0,2020-06-06,New York,75.0,6.0
36081.0,2020-06-06,Queens,148.0,11.0
36085.0,2020-06-06,Richmond,45.0,1.0
36005.0,2020-06-07,Bronx,131.0,7.0
36047.0,2020-06-07,Kings,134.0,8.0
36061.0,2020-06-07,New York,88.0,-1.0
36081.0,2020-06-07,Queens,150.0,11.0
36085.0,2020-06-07,Richmond,31.0,1.0
36005.0,2020-06-08,Bronx,113.0,12.0
36047.0,2020-06-08,Kings,135.0,13.0
36061.0,2020-06-08,New York,53.0,6.0
36081.0,2020-06-08,Queens,109.0,15.0
36085.0,2020-06-08,Richmond,8.0,0.0
36005.0,2020-06-09,Bronx,51.0,6.0
36047.0,2020-06-09,Kings,62.0,7.0
36061.0,2020-06-09,New York,35.0,9.0
36081.0,2020-06-09,Queens,99.0,10.0
36085.0,2020-06-09,Richmond,8.0,2.0
36005.0,2020-06-10,Bronx,45.0,10.0
36047.0,2020-06-10,Kings,55.0,14.0
36061.0,2020-06-10,New York,27.0,2.0
36081.0,2020-06-10,Queens,80.0,8.0
36085.0,2020-06-10,Richmond,5.0,2.0
36005.0,2020-06-11,Bronx,101.0,3.0
36047.0,2020-06-11,Kings,118.0,4.0
36061.0,2020-06-11,New York,81.0,2.0
36081.0,2020-06-11,Queens,153.0,11.0
36085.0,2020-06-11,Richmond,20.0,2.0
36005.0,2020-06-12,Bronx,87.0,6.0
36047.0,2020-06-12,Kings,122.0,8.0
36061.0,2020-06-12,New York,67.0,4.0
36081.0,2020-06-12,Queens,136.0,9.0
36085.0,2020-06-12,Richmond,19.0,0.0
36005.0,2020-06-13,Bronx,83.0,4.0
36047.0,2020-06-13,Kings,102.0,6.0
36061.0,2020-06-13,New York,70.0,6.0
36081.0,2020-06-13,Queens,113.0,2.0
36085.0,2020-06-13,Richmond,15.0,1.0
36005.0,2020-06-14,Bronx,69.0,8.0
36047.0,2020-06-14,Kings,120.0,12.0
36061.0,2020-06-14,New York,59.0,4.0
36081.0,2020-06-14,Queens,120.0,8.0
36085.0,2020-06-14,Richmond,16.0,2.0
36005.0,2020-06-15,Bronx,87.0,7.0
36047.0,2020-06-15,Kings,126.0,5.0
36061.0,2020-06-15,New York,61.0,3.0
36081.0,2020-06-15,Queens,135.0,5.0
36085.0,2020-06-15,Richmond,19.0,2.0
36005.0,2020-06-16,Bronx,49.0,5.0
36047.0,2020-06-16,Kings,57.0,5.0
36061.0,2020-06-16,New York,25.0,2.0
36081.0,2020-06-16,Queens,77.0,7.0
36085.0,2020-06-16,Richmond,2.0,0.0
36005.0,2020-06-17,Bronx,31.0,2.0
36047.0,2020-06-17,Kings,59.0,9.0
36061.0,2020-06-17,New York,29.0,4.0
36081.0,2020-06-17,Queens,71.0,9.0
36085.0,2020-06-17,Richmond,4.0,0.0
36005.0,2020-06-18,Bronx,83.0,1.0
36047.0,2020-06-18,Kings,106.0,5.0
36061.0,2020-06-18,New York,63.0,6.0
36081.0,2020-06-18,Queens,130.0,10.0
36085.0,2020-06-18,Richmond,18.0,2.0
36005.0,2020-06-19,Bronx,84.0,5.0
36047.0,2020-06-19,Kings,135.0,6.0
36061.0,2020-06-19,New York,68.0,3.0
36081.0,2020-06-19,Queens,131.0,6.0
36085.0,2020-06-19,Richmond,20.0,2.0
36005.0,2020-06-20,Bronx,71.0,4.0
36047.0,2020-06-20,Kings,115.0,6.0
36061.0,2020-06-20,New York,70.0,2.0
36081.0,2020-06-20,Queens,97.0,6.0
36085.0,2020-06-20,Richmond,17.0,2.0
36005.0,2020-06-21,Bronx,65.0,8.0
36047.0,2020-06-21,Kings,115.0,8.0
36061.0,2020-06-21,New York,58.0,4.0
36081.0,2020-06-21,Queens,124.0,11.0
36085.0,2020-06-21,Richmond,25.0,2.0
36005.0,2020-06-22,Bronx,86.0,1.0
36047.0,2020-06-22,Kings,98.0,6.0
36061.0,2020-06-22,New York,57.0,4.0
36081.0,2020-06-22,Queens,134.0,8.0
36085.0,2020-06-22,Richmond,10.0,3.0
36005.0,2020-06-23,Bronx,57.0,9.0
36047.0,2020-06-23,Kings,52.0,9.0
36061.0,2020-06-23,New York,46.0,4.0
36081.0,2020-06-23,Queens,58.0,5.0
36085.0,2020-06-23,Richmond,6.0,0.0
36005.0,2020-06-24,Bronx,27.0,4.0
36047.0,2020-06-24,Kings,61.0,5.0
36061.0,2020-06-24,New York,27.0,4.0
36081.0,2020-06-24,Queens,60.0,8.0
36085.0,2020-06-24,Richmond,9.0,1.0
36005.0,2020-06-25,Bronx,95.0,1.0
36047.0,2020-06-25,Kings,116.0,4.0
36061.0,2020-06-25,New York,65.0,3.0
36081.0,2020-06-25,Queens,122.0,4.0
36085.0,2020-06-25,Richmond,18.0,2.0
36005.0,2020-06-26,Bronx,75.0,5.0
36047.0,2020-06-26,Kings,100.0,3.0
36061.0,2020-06-26,New York,81.0,7.0
36081.0,2020-06-26,Queens,122.0,5.0
36085.0,2020-06-26,Richmond,17.0,1.0
36005.0,2020-06-27,Bronx,93.0,1.0
36047.0,2020-06-27,Kings,107.0,11.0
36061.0,2020-06-27,New York,73.0,1.0
36081.0,2020-06-27,Queens,108.0,8.0
36085.0,2020-06-27,Richmond,14.0,1.0
36005.0,2020-06-28,Bronx,67.0,5.0
36047.0,2020-06-28,Kings,85.0,2.0
36061.0,2020-06-28,New York,46.0,9.0
36081.0,2020-06-28,Queens,83.0,8.0
36085.0,2020-06-28,Richmond,30.0,2.0
36005.0,2020-06-29,Bronx,71.0,7.0
36047.0,2020-06-29,Kings,98.0,5.0
36061.0,2020-06-29,New York,64.0,3.0
36081.0,2020-06-29,Queens,83.0,7.0
36085.0,2020-06-29,Richmond,16.0,3.0
36005.0,2020-06-30,Bronx,31.0,4.0
36047.0,2020-06-30,Kings,71.0,-45.0
36061.0,2020-06-30,New York,38.0,1.0
36081.0,2020-06-30,Queens,65.0,0.0
36085.0,2020-06-30,Richmond,14.0,2.0
36005.0,2020-07-01,Bronx,37.0,0.0
36047.0,2020-07-01,Kings,65.0,6.0
36061.0,2020-07-01,New York,44.0,2.0
36081.0,2020-07-01,Queens,60.0,3.0
36085.0,2020-07-01,Richmond,12.0,1.0
36005.0,2020-07-02,Bronx,77.0,4.0
36047.0,2020-07-02,Kings,137.0,3.0
36061.0,2020-07-02,New York,81.0,10.0
36081.0,2020-07-02,Queens,140.0,6.0
36085.0,2020-07-02,Richmond,24.0,5.0
36005.0,2020-07-03,Bronx,79.0,5.0
36047.0,2020-07-03,Kings,133.0,8.0
36061.0,2020-07-03,New York,96.0,2.0
36081.0,2020-07-03,Queens,119.0,7.0
36085.0,2020-07-03,Richmond,29.0,2.0
36005.0,2020-07-04,Bronx,69.0,2.0
36047.0,2020-07-04,Kings,124.0,6.0
36061.0,2020-07-04,New York,86.0,2.0
36081.0,2020-07-04,Queens,99.0,4.0
36085.0,2020-07-04,Richmond,41.0,1.0
36005.0,2020-07-05,Bronx,75.0,7.0
36047.0,2020-07-05,Kings,133.0,4.0
36061.0,2020-07-05,New York,82.0,5.0
36081.0,2020-07-05,Queens,120.0,2.0
36085.0,2020-07-05,Richmond,18.0,0.0
36005.0,2020-07-06,Bronx,45.0,3.0
36047.0,2020-07-06,Kings,78.0,4.0
36061.0,2020-07-06,New York,52.0,5.0
36081.0,2020-07-06,Queens,67.0,4.0
36085.0,2020-07-06,Richmond,9.0,0.0
36005.0,2020-07-07,Bronx,23.0,2.0
36047.0,2020-07-07,Kings,25.0,5.0
36061.0,2020-07-07,New York,36.0,2.0
36081.0,2020-07-07,Queens,35.0,4.0
36085.0,2020-07-07,Richmond,13.0,1.0
36005.0,2020-07-08,Bronx,21.0,3.0
36047.0,2020-07-08,Kings,60.0,7.0
36061.0,2020-07-08,New York,32.0,3.0
36081.0,2020-07-08,Queens,40.0,5.0
36085.0,2020-07-08,Richmond,12.0,4.0
36005.0,2020-07-09,Bronx,72.0,2.0
36047.0,2020-07-09,Kings,151.0,6.0
36061.0,2020-07-09,New York,81.0,2.0
36081.0,2020-07-09,Queens,124.0,3.0
36085.0,2020-07-09,Richmond,28.0,0.0
36005.0,2020-07-10,Bronx,116.0,6.0
36047.0,2020-07-10,Kings,128.0,4.0
36061.0,2020-07-10,New York,94.0,1.0
36081.0,2020-07-10,Queens,112.0,1.0
36085.0,2020-07-10,Richmond,35.0,1.0
36005.0,2020-07-11,Bronx,87.0,3.0
36047.0,2020-07-11,Kings,126.0,3.0
36061.0,2020-07-11,New York,123.0,4.0
36081.0,2020-07-11,Queens,92.0,5.0
36085.0,2020-07-11,Richmond,27.0,0.0
36005.0,2020-07-12,Bronx,95.0,2.0
36047.0,2020-07-12,Kings,107.0,4.0
36061.0,2020-07-12,New York,90.0,0.0
36081.0,2020-07-12,Queens,100.0,4.0
36085.0,2020-07-12,Richmond,19.0,1.0
36005.0,2020-07-13,Bronx,72.0,3.0
36047.0,2020-07-13,Kings,95.0,2.0
36061.0,2020-07-13,New York,53.0,5.0
36081.0,2020-07-13,Queens,95.0,5.0
36085.0,2020-07-13,Richmond,13.0,-1.0
36005.0,2020-07-14,Bronx,46.0,1.0
36047.0,2020-07-14,Kings,77.0,4.0
36061.0,2020-07-14,New York,50.0,2.0
36081.0,2020-07-14,Queens,89.0,3.0
36085.0,2020-07-14,Richmond,14.0,0.0
36005.0,2020-07-15,Bronx,48.0,4.0
36047.0,2020-07-15,Kings,60.0,4.0
36061.0,2020-07-15,New York,44.0,1.0
36081.0,2020-07-15,Queens,72.0,8.0
36085.0,2020-07-15,Richmond,13.0,0.0
36005.0,2020-07-16,Bronx,113.0,2.0
36047.0,2020-07-16,Kings,127.0,3.0
36061.0,2020-07-16,New York,83.0,2.0
36081.0,2020-07-16,Queens,146.0,3.0
36085.0,2020-07-16,Richmond,37.0,0.0
36005.0,2020-07-17,Bronx,74.0,2.0
36047.0,2020-07-17,Kings,114.0,2.0
36061.0,2020-07-17,New York,86.0,3.0
36081.0,2020-07-17,Queens,125.0,8.0
36085.0,2020-07-17,Richmond,19.0,0.0
36005.0,2020-07-18,Bronx,115.0,2.0
36047.0,2020-07-18,Kings,152.0,6.0
36061.0,2020-07-18,New York,73.0,2.0
36081.0,2020-07-18,Queens,99.0,2.0
36085.0,2020-07-18,Richmond,23.0,1.0
36005.0,2020-07-19,Bronx,98.0,2.0
36047.0,2020-07-19,Kings,101.0,4.0
36061.0,2020-07-19,New York,91.0,4.0
36081.0,2020-07-19,Queens,115.0,0.0
36085.0,2020-07-19,Richmond,35.0,0.0
36005.0,2020-07-20,Bronx,79.0,1.0
36047.0,2020-07-20,Kings,109.0,4.0
36061.0,2020-07-20,New York,113.0,3.0
36081.0,2020-07-20,Queens,115.0,3.0
36085.0,2020-07-20,Richmond,23.0,0.0
36005.0,2020-07-21,Bronx,57.0,4.0
36047.0,2020-07-21,Kings,64.0,4.0
36061.0,2020-07-21,New York,39.0,-1.0
36081.0,2020-07-21,Queens,56.0,5.0
36085.0,2020-07-21,Richmond,20.0,0.0
36005.0,2020-07-22,Bronx,46.0,3.0
36047.0,2020-07-22,Kings,46.0,1.0
36061.0,2020-07-22,New York,39.0,1.0
36081.0,2020-07-22,Queens,52.0,3.0
36085.0,2020-07-22,Richmond,18.0,0.0
36005.0,2020-07-23,Bronx,98.0,1.0
36047.0,2020-07-23,Kings,95.0,7.0
36061.0,2020-07-23,New York,85.0,-1.0
36081.0,2020-07-23,Queens,119.0,3.0
36085.0,2020-07-23,Richmond,33.0,0.0
36005.0,2020-07-24,Bronx,74.0,1.0
36047.0,2020-07-24,Kings,82.0,2.0
36061.0,2020-07-24,New York,73.0,0.0
36081.0,2020-07-24,Queens,107.0,1.0
36085.0,2020-07-24,Richmond,21.0,1.0
36005.0,2020-07-25,Bronx,82.0,6.0
36047.0,2020-07-25,Kings,104.0,3.0
36061.0,2020-07-25,New York,60.0,-1.0
36081.0,2020-07-25,Queens,84.0,3.0
36085.0,2020-07-25,Richmond,20.0,0.0
36005.0,2020-07-26,Bronx,74.0,4.0
36047.0,2020-07-26,Kings,87.0,3.0
36061.0,2020-07-26,New York,68.0,0.0
36081.0,2020-07-26,Queens,65.0,2.0
36085.0,2020-07-26,Richmond,27.0,0.0
36005.0,2020-07-27,Bronx,76.0,2.0
36047.0,2020-07-27,Kings,73.0,2.0
36061.0,2020-07-27,New York,59.0,1.0
36081.0,2020-07-27,Queens,78.0,1.0
36085.0,2020-07-27,Richmond,31.0,0.0
36005.0,2020-07-28,Bronx,28.0,4.0
36047.0,2020-07-28,Kings,40.0,1.0
36061.0,2020-07-28,New York,36.0,2.0
36081.0,2020-07-28,Queens,52.0,4.0
36085.0,2020-07-28,Richmond,13.0,0.0
36005.0,2020-07-29,Bronx,32.0,1.0
36047.0,2020-07-29,Kings,46.0,1.0
36061.0,2020-07-29,New York,23.0,1.0
36081.0,2020-07-29,Queens,39.0,1.0
36085.0,2020-07-29,Richmond,19.0,1.0
36005.0,2020-07-30,Bronx,60.0,0.0
36047.0,2020-07-30,Kings,88.0,2.0
36061.0,2020-07-30,New York,77.0,2.0
36081.0,2020-07-30,Queens,80.0,1.0
36085.0,2020-07-30,Richmond,27.0,0.0
36005.0,2020-07-31,Bronx,60.0,2.0
36047.0,2020-07-31,Kings,115.0,2.0
36061.0,2020-07-31,New York,61.0,1.0
36081.0,2020-07-31,Queens,75.0,0.0
36085.0,2020-07-31,Richmond,20.0,1.0
36005.0,2020-08-01,Bronx,83.0,3.0
36047.0,2020-08-01,Kings,80.0,3.0
36061.0,2020-08-01,New York,60.0,1.0
36081.0,2020-08-01,Queens,76.0,1.0
36085.0,2020-08-01,Richmond,15.0,0.0
36005.0,2020-08-02,Bronx,60.0,1.0
36047.0,2020-08-02,Kings,101.0,2.0
36061.0,2020-08-02,New York,46.0,0.0
36081.0,2020-08-02,Queens,66.0,2.0
36085.0,2020-08-02,Richmond,12.0,0.0
36005.0,2020-08-03,Bronx,59.0,0.0
36047.0,2020-08-03,Kings,86.0,0.0
36061.0,2020-08-03,New York,56.0,1.0
36081.0,2020-08-03,Queens,65.0,1.0
36085.0,2020-08-03,Richmond,20.0,0.0
36005.0,2020-08-04,Bronx,41.0,0.0
36047.0,2020-08-04,Kings,63.0,2.0
36061.0,2020-08-04,New York,36.0,1.0
36081.0,2020-08-04,Queens,54.0,2.0
36085.0,2020-08-04,Richmond,9.0,0.0
36005.0,2020-08-05,Bronx,34.0,2.0
36047.0,2020-08-05,Kings,45.0,0.0
36061.0,2020-08-05,New York,27.0,3.0
36081.0,2020-08-05,Queens,35.0,3.0
36085.0,2020-08-05,Richmond,8.0,0.0
36005.0,2020-08-06,Bronx,99.0,0.0
36047.0,2020-08-06,Kings,100.0,6.0
36061.0,2020-08-06,New York,64.0,-2.0
36081.0,2020-08-06,Queens,90.0,1.0
36085.0,2020-08-06,Richmond,19.0,0.0
36005.0,2020-08-07,Bronx,53.0,3.0
36047.0,2020-08-07,Kings,53.0,-3.0
36061.0,2020-08-07,New York,45.0,0.0
36081.0,2020-08-07,Queens,49.0,3.0
36085.0,2020-08-07,Richmond,8.0,0.0
36005.0,2020-08-08,Bronx,69.0,1.0
36047.0,2020-08-08,Kings,100.0,3.0
36061.0,2020-08-08,New York,53.0,4.0
36081.0,2020-08-08,Queens,84.0,1.0
36085.0,2020-08-08,Richmond,15.0,0.0
36005.0,2020-08-09,Bronx,68.0,0.0
36047.0,2020-08-09,Kings,91.0,0.0
36061.0,2020-08-09,New York,60.0,1.0
36081.0,2020-08-09,Queens,70.0,2.0
36085.0,2020-08-09,Richmond,18.0,0.0
36005.0,2020-08-10,Bronx,62.0,2.0
36047.0,2020-08-10,Kings,94.0,2.0
36061.0,2020-08-10,New York,52.0,1.0
36081.0,2020-08-10,Queens,66.0,2.0
36085.0,2020-08-10,Richmond,8.0,0.0
36005.0,2020-08-11,Bronx,36.0,1.0
36047.0,2020-08-11,Kings,68.0,1.0
36061.0,2020-08-11,New York,27.0,2.0
36081.0,2020-08-11,Queens,49.0,2.0
36085.0,2020-08-11,Richmond,9.0,0.0
36005.0,2020-08-12,Bronx,23.0,2.0
36047.0,2020-08-12,Kings,53.0,0.0
36061.0,2020-08-12,New York,21.0,0.0
36081.0,2020-08-12,Queens,41.0,0.0
36085.0,2020-08-12,Richmond,12.0,0.0
36005.0,2020-08-13,Bronx,97.0,1.0
36047.0,2020-08-13,Kings,86.0,2.0
36061.0,2020-08-13,New York,52.0,1.0
36081.0,2020-08-13,Queens,85.0,2.0
36085.0,2020-08-13,Richmond,23.0,0.0
36005.0,2020-08-14,Bronx,77.0,1.0
36047.0,2020-08-14,Kings,95.0,1.0
36061.0,2020-08-14,New York,45.0,1.0
36081.0,2020-08-14,Queens,54.0,0.0
36085.0,2020-08-14,Richmond,19.0,1.0
36005.0,2020-08-15,Bronx,64.0,5.0
36047.0,2020-08-15,Kings,117.0,2.0
36061.0,2020-08-15,New York,45.0,2.0
36081.0,2020-08-15,Queens,95.0,1.0
36085.0,2020-08-15,Richmond,19.0,0.0
36005.0,2020-08-16,Bronx,66.0,1.0
36047.0,2020-08-16,Kings,108.0,1.0
36061.0,2020-08-16,New York,53.0,0.0
36081.0,2020-08-16,Queens,69.0,3.0
36085.0,2020-08-16,Richmond,14.0,1.0
36005.0,2020-08-17,Bronx,72.0,0.0
36047.0,2020-08-17,Kings,90.0,2.0
36061.0,2020-08-17,New York,48.0,1.0
36081.0,2020-08-17,Queens,73.0,1.0
36085.0,2020-08-17,Richmond,17.0,1.0
36005.0,2020-08-18,Bronx,43.0,3.0
36047.0,2020-08-18,Kings,39.0,1.0
36061.0,2020-08-18,New York,27.0,0.0
36081.0,2020-08-18,Queens,46.0,0.0
36085.0,2020-08-18,Richmond,12.0,0.0
36005.0,2020-08-19,Bronx,30.0,1.0
36047.0,2020-08-19,Kings,56.0,1.0
36061.0,2020-08-19,New York,24.0,0.0
36081.0,2020-08-19,Queens,42.0,1.0
36085.0,2020-08-19,Richmond,7.0,0.0
36005.0,2020-08-20,Bronx,78.0,1.0
36047.0,2020-08-20,Kings,102.0,3.0
36061.0,2020-08-20,New York,60.0,0.0
36081.0,2020-08-20,Queens,101.0,-1.0
36085.0,2020-08-20,Richmond,14.0,1.0
36005.0,2020-08-21,Bronx,60.0,0.0
36047.0,2020-08-21,Kings,74.0,0.0
36061.0,2020-08-21,New York,68.0,0.0
36081.0,2020-08-21,Queens,97.0,2.0
36085.0,2020-08-21,Richmond,15.0,0.0
36005.0,2020-08-22,Bronx,62.0,0.0
36047.0,2020-08-22,Kings,80.0,2.0
36061.0,2020-08-22,New York,58.0,1.0
36081.0,2020-08-22,Queens,78.0,1.0
36085.0,2020-08-22,Richmond,19.0,1.0
36005.0,2020-08-23,Bronx,69.0,3.0
36047.0,2020-08-23,Kings,61.0,1.0
36061.0,2020-08-23,New York,36.0,0.0
36081.0,2020-08-23,Queens,63.0,4.0
36085.0,2020-08-23,Richmond,20.0,0.0
36005.0,2020-08-24,Bronx,59.0,3.0
36047.0,2020-08-24,Kings,79.0,1.0
36061.0,2020-08-24,New York,54.0,0.0
36081.0,2020-08-24,Queens,72.0,-2.0
36085.0,2020-08-24,Richmond,15.0,1.0
36005.0,2020-08-25,Bronx,35.0,2.0
36047.0,2020-08-25,Kings,39.0,0.0
36061.0,2020-08-25,New York,34.0,0.0
36081.0,2020-08-25,Queens,41.0,0.0
36085.0,2020-08-25,Richmond,8.0,0.0
36005.0,2020-08-26,Bronx,39.0,1.0
36047.0,2020-08-26,Kings,64.0,1.0
36061.0,2020-08-26,New York,20.0,1.0
36081.0,2020-08-26,Queens,46.0,2.0
36085.0,2020-08-26,Richmond,7.0,0.0
36005.0,2020-08-27,Bronx,68.0,1.0
36047.0,2020-08-27,Kings,95.0,1.0
36061.0,2020-08-27,New York,51.0,0.0
36081.0,2020-08-27,Queens,92.0,-1.0
36085.0,2020-08-27,Richmond,16.0,0.0
36005.0,2020-08-28,Bronx,68.0,1.0
36047.0,2020-08-28,Kings,88.0,1.0
36061.0,2020-08-28,New York,57.0,0.0
36081.0,2020-08-28,Queens,78.0,-1.0
36085.0,2020-08-28,Richmond,12.0,0.0
36005.0,2020-08-29,Bronx,72.0,0.0
36047.0,2020-08-29,Kings,124.0,1.0
36061.0,2020-08-29,New York,52.0,0.0
36081.0,2020-08-29,Queens,70.0,0.0
36085.0,2020-08-29,Richmond,19.0,0.0
36005.0,2020-08-30,Bronx,57.0,3.0
36047.0,2020-08-30,Kings,106.0,2.0
36061.0,2020-08-30,New York,53.0,2.0
36081.0,2020-08-30,Queens,66.0,3.0
36085.0,2020-08-30,Richmond,14.0,0.0
36005.0,2020-08-31,Bronx,81.0,11.0
36047.0,2020-08-31,Kings,85.0,14.0
36061.0,2020-08-31,New York,53.0,5.0
36081.0,2020-08-31,Queens,57.0,18.0
36085.0,2020-08-31,Richmond,21.0,0.0
36005.0,2020-09-01,Bronx,36.0,3.0
36047.0,2020-09-01,Kings,48.0,0.0
36061.0,2020-09-01,New York,26.0,0.0
36081.0,2020-09-01,Queens,35.0,2.0
36085.0,2020-09-01,Richmond,9.0,0.0
36005.0,2020-09-02,Bronx,26.0,1.0
36047.0,2020-09-02,Kings,71.0,0.0
36061.0,2020-09-02,New York,37.0,0.0
36081.0,2020-09-02,Queens,46.0,4.0
36085.0,2020-09-02,Richmond,24.0,0.0
36005.0,2020-09-03,Bronx,52.0,3.0
36047.0,2020-09-03,Kings,124.0,-1.0
36061.0,2020-09-03,New York,54.0,0.0
36081.0,2020-09-03,Queens,80.0,2.0
36085.0,2020-09-03,Richmond,22.0,2.0
36005.0,2020-09-04,Bronx,63.0,1.0
36047.0,2020-09-04,Kings,108.0,1.0
36061.0,2020-09-04,New York,59.0,2.0
36081.0,2020-09-04,Queens,76.0,1.0
36085.0,2020-09-04,Richmond,25.0,0.0
36005.0,2020-09-05,Bronx,50.0,1.0
36047.0,2020-09-05,Kings,105.0,3.0
36061.0,2020-09-05,New York,54.0,0.0
36081.0,2020-09-05,Queens,72.0,3.0
36085.0,2020-09-05,Richmond,17.0,0.0
36005.0,2020-09-06,Bronx,45.0,0.0
36047.0,2020-09-06,Kings,96.0,0.0
36061.0,2020-09-06,New York,39.0,0.0
36081.0,2020-09-06,Queens,102.0,0.0
36085.0,2020-09-06,Richmond,20.0,0.0
36005.0,2020-09-07,Bronx,46.0,6.0
36047.0,2020-09-07,Kings,79.0,4.0
36061.0,2020-09-07,New York,34.0,1.0
36081.0,2020-09-07,Queens,63.0,0.0
36085.0,2020-09-07,Richmond,28.0,0.0
36005.0,2020-09-08,Bronx,33.0,3.0
36047.0,2020-09-08,Kings,51.0,1.0
36061.0,2020-09-08,New York,22.0,2.0
36081.0,2020-09-08,Queens,37.0,1.0
36085.0,2020-09-08,Richmond,24.0,0.0
36005.0,2020-09-09,Bronx,22.0,1.0
36047.0,2020-09-09,Kings,94.0,0.0
36061.0,2020-09-09,New York,33.0,1.0
36081.0,2020-09-09,Queens,66.0,-2.0
36085.0,2020-09-09,Richmond,14.0,0.0
36005.0,2020-09-10,Bronx,36.0,1.0
36047.0,2020-09-10,Kings,80.0,1.0
36061.0,2020-09-10,New York,45.0,2.0
36081.0,2020-09-10,Queens,61.0,0.0
36085.0,2020-09-10,Richmond,19.0,-1.0
36005.0,2020-09-11,Bronx,86.0,2.0
36047.0,2020-09-11,Kings,131.0,0.0
36061.0,2020-09-11,New York,64.0,1.0
36081.0,2020-09-11,Queens,107.0,-2.0
36085.0,2020-09-11,Richmond,32.0,0.0
36005.0,2020-09-12,Bronx,62.0,0.0
36047.0,2020-09-12,Kings,127.0,7.0
36061.0,2020-09-12,New York,74.0,-3.0
36081.0,2020-09-12,Queens,93.0,0.0
36085.0,2020-09-12,Richmond,27.0,0.0
36005.0,2020-09-13,Bronx,49.0,0.0
36047.0,2020-09-13,Kings,133.0,0.0
36061.0,2020-09-13,New York,65.0,0.0
36081.0,2020-09-13,Queens,79.0,0.0
36085.0,2020-09-13,Richmond,27.0,0.0
36005.0,2020-09-14,Bronx,63.0,5.0
36047.0,2020-09-14,Kings,118.0,0.0
36061.0,2020-09-14,New York,60.0,1.0
36081.0,2020-09-14,Queens,86.0,0.0
36085.0,2020-09-14,Richmond,17.0,0.0
36005.0,2020-09-15,Bronx,43.0,0.0
36047.0,2020-09-15,Kings,60.0,3.0
36061.0,2020-09-15,New York,39.0,0.0
36081.0,2020-09-15,Queens,67.0,4.0
36085.0,2020-09-15,Richmond,20.0,0.0
36005.0,2020-09-16,Bronx,21.0,2.0
36047.0,2020-09-16,Kings,127.0,2.0
36061.0,2020-09-16,New York,47.0,0.0
36081.0,2020-09-16,Queens,74.0,0.0
36085.0,2020-09-16,Richmond,15.0,0.0
36005.0,2020-09-17,Bronx,81.0,1.0
36047.0,2020-09-17,Kings,176.0,1.0
36061.0,2020-09-17,New York,73.0,0.0
36081.0,2020-09-17,Queens,106.0,3.0
36085.0,2020-09-17,Richmond,26.0,0.0
36005.0,2020-09-18,Bronx,63.0,1.0
36047.0,2020-09-18,Kings,175.0,2.0
36061.0,2020-09-18,New York,49.0,1.0
36081.0,2020-09-18,Queens,83.0,1.0
36085.0,2020-09-18,Richmond,19.0,1.0
36005.0,2020-09-19,Bronx,57.0,-1.0
36047.0,2020-09-19,Kings,175.0,1.0
36061.0,2020-09-19,New York,60.0,-5.0
36081.0,2020-09-19,Queens,97.0,4.0
36085.0,2020-09-19,Richmond,19.0,0.0
36005.0,2020-09-20,Bronx,65.0,2.0
36047.0,2020-09-20,Kings,136.0,3.0
36061.0,2020-09-20,New York,60.0,1.0
36081.0,2020-09-20,Queens,102.0,0.0
36085.0,2020-09-20,Richmond,25.0,0.0
36005.0,2020-09-21,Bronx,52.0,1.0
36047.0,2020-09-21,Kings,118.0,0.0
36061.0,2020-09-21,New York,48.0,0.0
36081.0,2020-09-21,Queens,78.0,1.0
36085.0,2020-09-21,Richmond,26.0,0.0
36005.0,2020-09-22,Bronx,34.0,0.0
36047.0,2020-09-22,Kings,41.0,1.0
36061.0,2020-09-22,New York,35.0,-1.0
36081.0,2020-09-22,Queens,60.0,1.0
36085.0,2020-09-22,Richmond,15.0,0.0
36005.0,2020-09-23,Bronx,27.0,1.0
36047.0,2020-09-23,Kings,71.0,0.0
36061.0,2020-09-23,New York,29.0,0.0
36081.0,2020-09-23,Queens,34.0,-1.0
36085.0,2020-09-23,Richmond,23.0,0.0
36005.0,2020-09-24,Bronx,81.0,1.0
36047.0,2020-09-24,Kings,275.0,2.0
36061.0,2020-09-24,New York,61.0,1.0
36081.0,2020-09-24,Queens,125.0,2.0
36085.0,2020-09-24,Richmond,28.0,0.0
36005.0,2020-09-25,Bronx,70.0,2.0
36047.0,2020-09-25,Kings,200.0,2.0
36061.0,2020-09-25,New York,56.0,1.0
36081.0,2020-09-25,Queens,111.0,0.0
36085.0,2020-09-25,Richmond,26.0,1.0
36005.0,2020-09-26,Bronx,91.0,0.0
36047.0,2020-09-26,Kings,276.0,0.0
36061.0,2020-09-26,New York,76.0,1.0
36081.0,2020-09-26,Queens,116.0,1.0
36085.0,2020-09-26,Richmond,38.0,0.0
36005.0,2020-09-27,Bronx,68.0,1.0
36047.0,2020-09-27,Kings,278.0,3.0
36061.0,2020-09-27,New York,65.0,0.0
36081.0,2020-09-27,Queens,106.0,1.0
36085.0,2020-09-27,Richmond,31.0,0.0
36005.0,2020-09-28,Bronx,57.0,3.0
36047.0,2020-09-28,Kings,213.0,1.0
36061.0,2020-09-28,New York,74.0,2.0
36081.0,2020-09-28,Queens,135.0,2.0
36085.0,2020-09-28,Richmond,35.0,0.0
36005.0,2020-09-29,Bronx,52.0,0.0
36047.0,2020-09-29,Kings,116.0,2.0
36061.0,2020-09-29,New York,40.0,0.0
36081.0,2020-09-29,Queens,70.0,2.0
36085.0,2020-09-29,Richmond,35.0,0.0
36005.0,2020-09-30,Bronx,37.0,2.0
36047.0,2020-09-30,Kings,199.0,1.0
36061.0,2020-09-30,New York,39.0,0.0
36081.0,2020-09-30,Queens,126.0,1.0
36085.0,2020-09-30,Richmond,29.0,0.0
36005.0,2020-10-01,Bronx,92.0,3.0
36047.0,2020-10-01,Kings,154.0,-1.0
36061.0,2020-10-01,New York,60.0,3.0
36081.0,2020-10-01,Queens,120.0,3.0
36085.0,2020-10-01,Richmond,49.0,0.0
36005.0,2020-10-02,Bronx,74.0,2.0
36047.0,2020-10-02,Kings,371.0,8.0
36061.0,2020-10-02,New York,91.0,0.0
36081.0,2020-10-02,Queens,190.0,6.0
36085.0,2020-10-02,Richmond,34.0,0.0
36005.0,2020-10-03,Bronx,62.0,-2.0
36047.0,2020-10-03,Kings,314.0,1.0
36061.0,2020-10-03,New York,98.0,1.0
36081.0,2020-10-03,Queens,151.0,0.0
36085.0,2020-10-03,Richmond,43.0,0.0
36005.0,2020-10-04,Bronx,78.0,3.0
36047.0,2020-10-04,Kings,339.0,1.0
36061.0,2020-10-04,New York,96.0,0.0
36081.0,2020-10-04,Queens,155.0,1.0
36085.0,2020-10-04,Richmond,28.0,0.0
36005.0,2020-10-05,Bronx,90.0,1.0
36047.0,2020-10-05,Kings,302.0,1.0
36061.0,2020-10-05,New York,85.0,1.0
36081.0,2020-10-05,Queens,161.0,3.0
36085.0,2020-10-05,Richmond,44.0,0.0
36005.0,2020-10-06,Bronx,39.0,0.0
36047.0,2020-10-06,Kings,99.0,2.0
36061.0,2020-10-06,New York,49.0,0.0
36081.0,2020-10-06,Queens,109.0,1.0
36085.0,2020-10-06,Richmond,27.0,2.0
36005.0,2020-10-07,Bronx,46.0,4.0
36047.0,2020-10-07,Kings,187.0,3.0
36061.0,2020-10-07,New York,33.0,0.0
36081.0,2020-10-07,Queens,103.0,6.0
36085.0,2020-10-07,Richmond,37.0,0.0
36005.0,2020-10-08,Bronx,109.0,2.0
36047.0,2020-10-08,Kings,460.0,1.0
36061.0,2020-10-08,New York,108.0,-1.0
36081.0,2020-10-08,Queens,216.0,1.0
36085.0,2020-10-08,Richmond,45.0,0.0
36005.0,2020-10-09,Bronx,78.0,1.0
36047.0,2020-10-09,Kings,281.0,1.0
36061.0,2020-10-09,New York,84.0,0.0
36081.0,2020-10-09,Queens,164.0,2.0
36085.0,2020-10-09,Richmond,34.0,0.0
36005.0,2020-10-10,Bronx,87.0,0.0
36047.0,2020-10-10,Kings,257.0,3.0
36061.0,2020-10-10,New York,85.0,0.0
36081.0,2020-10-10,Queens,155.0,-1.0
36085.0,2020-10-10,Richmond,47.0,0.0
36005.0,2020-10-11,Bronx,91.0,0.0
36047.0,2020-10-11,Kings,258.0,2.0
36061.0,2020-10-11,New York,85.0,1.0
36081.0,2020-10-11,Queens,130.0,1.0
36085.0,2020-10-11,Richmond,36.0,0.0
36005.0,2020-10-12,Bronx,101.0,1.0
36047.0,2020-10-12,Kings,220.0,1.0
36061.0,2020-10-12,New York,79.0,0.0
36081.0,2020-10-12,Queens,175.0,2.0
36085.0,2020-10-12,Richmond,43.0,0.0
36005.0,2020-10-13,Bronx,45.0,2.0
36047.0,2020-10-13,Kings,105.0,2.0
36061.0,2020-10-13,New York,51.0,1.0
36081.0,2020-10-13,Queens,112.0,1.0
36085.0,2020-10-13,Richmond,43.0,1.0
36005.0,2020-10-14,Bronx,46.0,3.0
36047.0,2020-10-14,Kings,131.0,1.0
36061.0,2020-10-14,New York,37.0,1.0
36081.0,2020-10-14,Queens,96.0,2.0
36085.0,2020-10-14,Richmond,20.0,0.0
36005.0,2020-10-15,Bronx,70.0,1.0
36047.0,2020-10-15,Kings,251.0,5.0
36061.0,2020-10-15,New York,93.0,4.0
36081.0,2020-10-15,Queens,133.0,1.0
36085.0,2020-10-15,Richmond,39.0,0.0
36005.0,2020-10-16,Bronx,122.0,0.0
36047.0,2020-10-16,Kings,248.0,4.0
36061.0,2020-10-16,New York,122.0,-1.0
36081.0,2020-10-16,Queens,155.0,0.0
36085.0,2020-10-16,Richmond,53.0,0.0
36005.0,2020-10-17,Bronx,109.0,2.0
36047.0,2020-10-17,Kings,266.0,1.0
36061.0,2020-10-17,New York,108.0,0.0
36081.0,2020-10-17,Queens,192.0,3.0
36085.0,2020-10-17,Richmond,42.0,0.0
36005.0,2020-10-18,Bronx,120.0,3.0
36047.0,2020-10-18,Kings,278.0,4.0
36061.0,2020-10-18,New York,119.0,2.0
36081.0,2020-10-18,Queens,170.0,1.0
36085.0,2020-10-18,Richmond,47.0,2.0
36005.0,2020-10-19,Bronx,98.0,1.0
36047.0,2020-10-19,Kings,204.0,2.0
36061.0,2020-10-19,New York,120.0,2.0
36081.0,2020-10-19,Queens,160.0,2.0
36085.0,2020-10-19,Richmond,48.0,0.0
36005.0,2020-10-20,Bronx,79.0,1.0
36047.0,2020-10-20,Kings,134.0,1.0
36061.0,2020-10-20,New York,69.0,0.0
36081.0,2020-10-20,Queens,144.0,0.0
36085.0,2020-10-20,Richmond,47.0,0.0
36005.0,2020-10-21,Bronx,57.0,0.0
36047.0,2020-10-21,Kings,214.0,1.0
36061.0,2020-10-21,New York,58.0,0.0
36081.0,2020-10-21,Queens,149.0,0.0
36085.0,2020-10-21,Richmond,51.0,1.0
36005.0,2020-10-22,Bronx,133.0,3.0
36047.0,2020-10-22,Kings,255.0,2.0
36061.0,2020-10-22,New York,129.0,-1.0
36081.0,2020-10-22,Queens,228.0,1.0
36085.0,2020-10-22,Richmond,49.0,1.0
36005.0,2020-10-23,Bronx,117.0,2.0
36047.0,2020-10-23,Kings,265.0,5.0
36061.0,2020-10-23,New York,131.0,1.0
36081.0,2020-10-23,Queens,201.0,1.0
36085.0,2020-10-23,Richmond,54.0,1.0
36005.0,2020-10-24,Bronx,123.0,0.0
36047.0,2020-10-24,Kings,252.0,1.0
36061.0,2020-10-24,New York,145.0,0.0
36081.0,2020-10-24,Queens,237.0,0.0
36085.0,2020-10-24,Richmond,61.0,0.0
36005.0,2020-10-25,Bronx,137.0,1.0
36047.0,2020-10-25,Kings,303.0,1.0
36061.0,2020-10-25,New York,165.0,0.0
36081.0,2020-10-25,Queens,234.0,1.0
36085.0,2020-10-25,Richmond,102.0,0.0
36005.0,2020-10-26,Bronx,141.0,0.0
36047.0,2020-10-26,Kings,247.0,2.0
36061.0,2020-10-26,New York,112.0,1.0
36081.0,2020-10-26,Queens,216.0,1.0
36085.0,2020-10-26,Richmond,62.0,0.0
36005.0,2020-10-27,Bronx,98.0,1.0
36047.0,2020-10-27,Kings,157.0,2.0
36061.0,2020-10-27,New York,79.0,2.0
36081.0,2020-10-27,Queens,140.0,1.0
36085.0,2020-10-27,Richmond,47.0,1.0
36005.0,2020-10-28,Bronx,92.0,1.0
36047.0,2020-10-28,Kings,176.0,3.0
36061.0,2020-10-28,New York,76.0,0.0
36081.0,2020-10-28,Queens,121.0,0.0
36085.0,2020-10-28,Richmond,52.0,0.0
36005.0,2020-10-29,Bronx,167.0,3.0
36047.0,2020-10-29,Kings,269.0,3.0
36061.0,2020-10-29,New York,159.0,3.0
36081.0,2020-10-29,Queens,213.0,1.0
36085.0,2020-10-29,Richmond,104.0,1.0
36005.0,2020-10-30,Bronx,155.0,1.0
36047.0,2020-10-30,Kings,315.0,7.0
36061.0,2020-10-30,New York,169.0,0.0
36081.0,2020-10-30,Queens,233.0,0.0
36085.0,2020-10-30,Richmond,104.0,-1.0
36005.0,2020-10-31,Bronx,153.0,3.0
36047.0,2020-10-31,Kings,291.0,0.0
36061.0,2020-10-31,New York,180.0,0.0
36081.0,2020-10-31,Queens,265.0,1.0
36085.0,2020-10-31,Richmond,119.0,0.0
36005.0,2020-11-01,Bronx,135.0,1.0
36047.0,2020-11-01,Kings,241.0,4.0
36061.0,2020-11-01,New York,161.0,2.0
36081.0,2020-11-01,Queens,221.0,2.0
36085.0,2020-11-01,Richmond,90.0,0.0
36005.0,2020-11-02,Bronx,156.0,1.0
36047.0,2020-11-02,Kings,245.0,2.0
36061.0,2020-11-02,New York,151.0,0.0
36081.0,2020-11-02,Queens,223.0,0.0
36085.0,2020-11-02,Richmond,103.0,2.0
36005.0,2020-11-03,Bronx,100.0,0.0
36047.0,2020-11-03,Kings,151.0,3.0
36061.0,2020-11-03,New York,81.0,0.0
36081.0,2020-11-03,Queens,149.0,1.0
36085.0,2020-11-03,Richmond,69.0,0.0
36005.0,2020-11-04,Bronx,113.0,4.0
36047.0,2020-11-04,Kings,296.0,5.0
36061.0,2020-11-04,New York,109.0,0.0
36081.0,2020-11-04,Queens,152.0,1.0
36085.0,2020-11-04,Richmond,67.0,1.0
36005.0,2020-11-05,Bronx,227.0,1.0
36047.0,2020-11-05,Kings,414.0,3.0
36061.0,2020-11-05,New York,196.0,1.0
36081.0,2020-11-05,Queens,312.0,2.0
36085.0,2020-11-05,Richmond,138.0,1.0
36005.0,2020-11-06,Bronx,191.0,1.0
36047.0,2020-11-06,Kings,399.0,8.0
36061.0,2020-11-06,New York,207.0,-1.0
36081.0,2020-11-06,Queens,271.0,0.0
36085.0,2020-11-06,Richmond,137.0,1.0
36005.0,2020-11-07,Bronx,247.0,1.0
36047.0,2020-11-07,Kings,399.0,4.0
36061.0,2020-11-07,New York,265.0,-1.0
36081.0,2020-11-07,Queens,382.0,1.0
36085.0,2020-11-07,Richmond,185.0,0.0
36005.0,2020-11-08,Bronx,250.0,6.0
36047.0,2020-11-08,Kings,429.0,5.0
36061.0,2020-11-08,New York,289.0,1.0
36081.0,2020-11-08,Queens,411.0,1.0
36085.0,2020-11-08,Richmond,163.0,1.0
36005.0,2020-11-09,Bronx,253.0,1.0
36047.0,2020-11-09,Kings,367.0,2.0
36061.0,2020-11-09,New York,251.0,0.0
36081.0,2020-11-09,Queens,403.0,4.0
36085.0,2020-11-09,Richmond,184.0,0.0
36005.0,2020-11-10,Bronx,189.0,-1.0
36047.0,2020-11-10,Kings,310.0,4.0
36061.0,2020-11-10,New York,220.0,-2.0
36081.0,2020-11-10,Queens,336.0,3.0
36085.0,2020-11-10,Richmond,145.0,1.0
36005.0,2020-11-11,Bronx,173.0,4.0
36047.0,2020-11-11,Kings,315.0,1.0
36061.0,2020-11-11,New York,208.0,2.0
36081.0,2020-11-11,Queens,306.0,7.0
36085.0,2020-11-11,Richmond,162.0,2.0
36005.0,2020-11-12,Bronx,313.0,0.0
36047.0,2020-11-12,Kings,564.0,2.0
36061.0,2020-11-12,New York,382.0,0.0
36081.0,2020-11-12,Queens,559.0,2.0
36085.0,2020-11-12,Richmond,272.0,0.0
36005.0,2020-11-13,Bronx,344.0,3.0
36047.0,2020-11-13,Kings,582.0,2.0
36061.0,2020-11-13,New York,390.0,1.0
36081.0,2020-11-13,Queens,537.0,0.0
36085.0,2020-11-13,Richmond,238.0,0.0
36005.0,2020-11-14,Bronx,314.0,2.0
36047.0,2020-11-14,Kings,508.0,5.0
36061.0,2020-11-14,New York,386.0,3.0
36081.0,2020-11-14,Queens,559.0,2.0
36085.0,2020-11-14,Richmond,219.0,1.0
36005.0,2020-11-15,Bronx,329.0,1.0
36047.0,2020-11-15,Kings,513.0,2.0
36061.0,2020-11-15,New York,403.0,4.0
36081.0,2020-11-15,Queens,529.0,1.0
36085.0,2020-11-15,Richmond,226.0,2.0
36005.0,2020-11-16,Bronx,353.0,2.0
36047.0,2020-11-16,Kings,464.0,1.0
36061.0,2020-11-16,New York,364.0,1.0
36081.0,2020-11-16,Queens,590.0,1.0
36085.0,2020-11-16,Richmond,234.0,0.0
36005.0,2020-11-17,Bronx,276.0,0.0
36047.0,2020-11-17,Kings,332.0,2.0
36061.0,2020-11-17,New York,227.0,3.0
36081.0,2020-11-17,Queens,455.0,0.0
36085.0,2020-11-17,Richmond,168.0,0.0
36005.0,2020-11-18,Bronx,203.0,1.0
36047.0,2020-11-18,Kings,346.0,2.0
36061.0,2020-11-18,New York,207.0,2.0
36081.0,2020-11-18,Queens,368.0,1.0
36085.0,2020-11-18,Richmond,205.0,5.0
36005.0,2020-11-19,Bronx,390.0,-1.0
36047.0,2020-11-19,Kings,644.0,8.0
36061.0,2020-11-19,New York,435.0,3.0
36081.0,2020-11-19,Queens,637.0,5.0
36085.0,2020-11-19,Richmond,255.0,2.0
36005.0,2020-11-20,Bronx,421.0,7.0
36047.0,2020-11-20,Kings,643.0,7.0
36061.0,2020-11-20,New York,394.0,1.0
36081.0,2020-11-20,Queens,589.0,6.0
36085.0,2020-11-20,Richmond,239.0,2.0
36005.0,2020-11-21,Bronx,401.0,2.0
36047.0,2020-11-21,Kings,626.0,6.0
36061.0,2020-11-21,New York,430.0,0.0
36081.0,2020-11-21,Queens,577.0,2.0
36085.0,2020-11-21,Richmond,250.0,2.0
36005.0,2020-11-22,Bronx,456.0,2.0
36047.0,2020-11-22,Kings,640.0,3.0
36061.0,2020-11-22,New York,441.0,1.0
36081.0,2020-11-22,Queens,601.0,1.0
36085.0,2020-11-22,Richmond,250.0,0.0
36005.0,2020-11-23,Bronx,438.0,2.0
36047.0,2020-11-23,Kings,565.0,4.0
36061.0,2020-11-23,New York,415.0,2.0
36081.0,2020-11-23,Queens,594.0,3.0
36085.0,2020-11-23,Richmond,262.0,0.0
36005.0,2020-11-24,Bronx,345.0,-5.0
36047.0,2020-11-24,Kings,434.0,4.0
36061.0,2020-11-24,New York,245.0,1.0
36081.0,2020-11-24,Queens,427.0,2.0
36085.0,2020-11-24,Richmond,194.0,1.0
36005.0,2020-11-25,Bronx,261.0,0.0
36047.0,2020-11-25,Kings,457.0,4.0
36061.0,2020-11-25,New York,236.0,0.0
36081.0,2020-11-25,Queens,395.0,4.0
36085.0,2020-11-25,Richmond,213.0,2.0
36005.0,2020-11-26,Bronx,538.0,-3.0
36047.0,2020-11-26,Kings,738.0,2.0
36061.0,2020-11-26,New York,503.0,2.0
36081.0,2020-11-26,Queens,763.0,2.0
36085.0,2020-11-26,Richmond,345.0,1.0
36005.0,2020-11-27,Bronx,470.0,1.0
36047.0,2020-11-27,Kings,717.0,3.0
36061.0,2020-11-27,New York,471.0,-1.0
36081.0,2020-11-27,Queens,712.0,4.0
36085.0,2020-11-27,Richmond,284.0,4.0
36005.0,2020-11-28,Bronx,517.0,-1.0
36047.0,2020-11-28,Kings,779.0,4.0
36061.0,2020-11-28,New York,517.0,2.0
36081.0,2020-11-28,Queens,826.0,1.0
36085.0,2020-11-28,Richmond,355.0,2.0
36005.0,2020-11-29,Bronx,198.0,-1.0
36047.0,2020-11-29,Kings,348.0,3.0
36061.0,2020-11-29,New York,213.0,2.0
36081.0,2020-11-29,Queens,316.0,0.0
36085.0,2020-11-29,Richmond,125.0,2.0
36005.0,2020-11-30,Bronx,530.0,-2.0
36047.0,2020-11-30,Kings,799.0,2.0
36061.0,2020-11-30,New York,532.0,2.0
36081.0,2020-11-30,Queens,847.0,1.0
36085.0,2020-11-30,Richmond,345.0,1.0
36005.0,2020-12-01,Bronx,461.0,0.0
36047.0,2020-12-01,Kings,593.0,2.0
36061.0,2020-12-01,New York,394.0,0.0
36081.0,2020-12-01,Queens,656.0,1.0
36085.0,2020-12-01,Richmond,267.0,3.0
36005.0,2020-12-02,Bronx,351.0,0.0
36047.0,2020-12-02,Kings,682.0,1.0
36061.0,2020-12-02,New York,326.0,-1.0
36081.0,2020-12-02,Queens,654.0,7.0
36085.0,2020-12-02,Richmond,344.0,3.0
36005.0,2020-12-03,Bronx,598.0,0.0
36047.0,2020-12-03,Kings,1060.0,2.0
36061.0,2020-12-03,New York,515.0,1.0
36081.0,2020-12-03,Queens,942.0,2.0
36085.0,2020-12-03,Richmond,469.0,7.0
36005.0,2020-12-04,Bronx,752.0,2.0
36047.0,2020-12-04,Kings,1127.0,7.0
36061.0,2020-12-04,New York,669.0,3.0
36081.0,2020-12-04,Queens,1115.0,1.0
36085.0,2020-12-04,Richmond,467.0,3.0
36005.0,2020-12-05,Bronx,663.0,5.0
36047.0,2020-12-05,Kings,1018.0,7.0
36061.0,2020-12-05,New York,608.0,3.0
36081.0,2020-12-05,Queens,1064.0,7.0
36085.0,2020-12-05,Richmond,471.0,4.0
36005.0,2020-12-06,Bronx,678.0,1.0
36047.0,2020-12-06,Kings,1039.0,3.0
36061.0,2020-12-06,New York,592.0,0.0
36081.0,2020-12-06,Queens,1040.0,2.0
36085.0,2020-12-06,Richmond,428.0,6.0
36005.0,2020-12-07,Bronx,686.0,3.0
36047.0,2020-12-07,Kings,955.0,2.0
36061.0,2020-12-07,New York,517.0,1.0
36081.0,2020-12-07,Queens,988.0,1.0
36085.0,2020-12-07,Richmond,386.0,2.0
36005.0,2020-12-08,Bronx,435.0,4.0
36047.0,2020-12-08,Kings,690.0,5.0
36061.0,2020-12-08,New York,295.0,4.0
36081.0,2020-12-08,Queens,783.0,6.0
36085.0,2020-12-08,Richmond,333.0,2.0
36005.0,2020-12-09,Bronx,356.0,-4.0
36047.0,2020-12-09,Kings,744.0,4.0
36061.0,2020-12-09,New York,324.0,-6.0
36081.0,2020-12-09,Queens,717.0,6.0
36085.0,2020-12-09,Richmond,267.0,6.0
36005.0,2020-12-10,Bronx,730.0,-1.0
36047.0,2020-12-10,Kings,1226.0,2.0
36061.0,2020-12-10,New York,610.0,2.0
36081.0,2020-12-10,Queens,1270.0,1.0
36085.0,2020-12-10,Richmond,454.0,7.0
36005.0,2020-12-11,Bronx,652.0,4.0
36047.0,2020-12-11,Kings,1128.0,7.0
36061.0,2020-12-11,New York,611.0,4.0
36081.0,2020-12-11,Queens,1152.0,11.0
36085.0,2020-12-11,Richmond,384.0,4.0
36005.0,2020-12-12,Bronx,698.0,10.0
36047.0,2020-12-12,Kings,1140.0,6.0
36061.0,2020-12-12,New York,642.0,2.0
36081.0,2020-12-12,Queens,1172.0,2.0
36085.0,2020-12-12,Richmond,386.0,3.0
36005.0,2020-12-13,Bronx,711.0,4.0
36047.0,2020-12-13,Kings,1174.0,8.0
36061.0,2020-12-13,New York,609.0,5.0
36081.0,2020-12-13,Queens,1137.0,8.0
36085.0,2020-12-13,Richmond,346.0,3.0
36005.0,2020-12-14,Bronx,607.0,6.0
36047.0,2020-12-14,Kings,1033.0,7.0
36061.0,2020-12-14,New York,656.0,0.0
36081.0,2020-12-14,Queens,1173.0,2.0
36085.0,2020-12-14,Richmond,328.0,4.0
36005.0,2020-12-15,Bronx,476.0,4.0
36047.0,2020-12-15,Kings,732.0,5.0
36061.0,2020-12-15,New York,370.0,6.0
36081.0,2020-12-15,Queens,861.0,7.0
36085.0,2020-12-15,Richmond,251.0,0.0
36005.0,2020-12-16,Bronx,427.0,4.0
36047.0,2020-12-16,Kings,862.0,8.0
36061.0,2020-12-16,New York,425.0,2.0
36081.0,2020-12-16,Queens,933.0,5.0
36085.0,2020-12-16,Richmond,305.0,8.0
36005.0,2020-12-17,Bronx,750.0,3.0
36047.0,2020-12-17,Kings,1358.0,4.0
36061.0,2020-12-17,New York,636.0,4.0
36081.0,2020-12-17,Queens,1269.0,10.0
36085.0,2020-12-17,Richmond,423.0,5.0
36005.0,2020-12-18,Bronx,789.0,10.0
36047.0,2020-12-18,Kings,1260.0,10.0
36061.0,2020-12-18,New York,685.0,3.0
36081.0,2020-12-18,Queens,1333.0,16.0
36085.0,2020-12-18,Richmond,387.0,10.0
36005.0,2020-12-19,Bronx,562.0,1.0
36047.0,2020-12-19,Kings,1053.0,10.0
36061.0,2020-12-19,New York,574.0,4.0
36081.0,2020-12-19,Queens,1014.0,5.0
36085.0,2020-12-19,Richmond,290.0,5.0
36005.0,2020-12-20,Bronx,386.0,-6.0
36047.0,2020-12-20,Kings,815.0,7.0
36061.0,2020-12-20,New York,463.0,2.0
36081.0,2020-12-20,Queens,688.0,4.0
36085.0,2020-12-20,Richmond,240.0,6.0
36005.0,2020-12-21,Bronx,748.0,5.0
36047.0,2020-12-21,Kings,1202.0,13.0
36061.0,2020-12-21,New York,661.0,1.0
36081.0,2020-12-21,Queens,1150.0,12.0
36085.0,2020-12-21,Richmond,375.0,5.0
36005.0,2020-12-22,Bronx,495.0,5.0
36047.0,2020-12-22,Kings,930.0,6.0
36061.0,2020-12-22,New York,413.0,5.0
36081.0,2020-12-22,Queens,981.0,8.0
36085.0,2020-12-22,Richmond,314.0,3.0
36005.0,2020-12-23,Bronx,410.0,8.0
36047.0,2020-12-23,Kings,951.0,12.0
36061.0,2020-12-23,New York,378.0,4.0
36081.0,2020-12-23,Queens,866.0,0.0
36085.0,2020-12-23,Richmond,363.0,8.0
36005.0,2020-12-24,Bronx,822.0,11.0
36047.0,2020-12-24,Kings,1543.0,8.0
36061.0,2020-12-24,New York,724.0,8.0
36081.0,2020-12-24,Queens,1542.0,11.0
36085.0,2020-12-24,Richmond,487.0,6.0
36005.0,2020-12-25,Bronx,863.0,7.0
36047.0,2020-12-25,Kings,1446.0,11.0
36061.0,2020-12-25,New York,631.0,11.0
36081.0,2020-12-25,Queens,1418.0,11.0
36085.0,2020-12-25,Richmond,415.0,3.0
36005.0,2020-12-26,Bronx,729.0,3.0
36047.0,2020-12-26,Kings,1269.0,8.0
36061.0,2020-12-26,New York,591.0,5.0
36081.0,2020-12-26,Queens,1302.0,10.0
36085.0,2020-12-26,Richmond,381.0,4.0
36005.0,2020-12-27,Bronx,519.0,7.0
36047.0,2020-12-27,Kings,1022.0,7.0
36061.0,2020-12-27,New York,469.0,5.0
36081.0,2020-12-27,Queens,999.0,10.0
36085.0,2020-12-27,Richmond,218.0,2.0
36005.0,2020-12-28,Bronx,197.0,4.0
36047.0,2020-12-28,Kings,435.0,10.0
36061.0,2020-12-28,New York,203.0,10.0
36081.0,2020-12-28,Queens,405.0,6.0
36085.0,2020-12-28,Richmond,144.0,5.0
36005.0,2020-12-29,Bronx,509.0,10.0
36047.0,2020-12-29,Kings,916.0,12.0
36061.0,2020-12-29,New York,418.0,6.0
36081.0,2020-12-29,Queens,1035.0,10.0
36085.0,2020-12-29,Richmond,408.0,3.0
36005.0,2020-12-30,Bronx,698.0,-6.0
36047.0,2020-12-30,Kings,1290.0,20.0
36061.0,2020-12-30,New York,477.0,8.0
36081.0,2020-12-30,Queens,1285.0,13.0
36085.0,2020-12-30,Richmond,457.0,10.0
36005.0,2020-12-31,Bronx,796.0,9.0
36047.0,2020-12-31,Kings,1358.0,10.0
36061.0,2020-12-31,New York,661.0,7.0
36081.0,2020-12-31,Queens,1333.0,8.0
36085.0,2020-12-31,Richmond,431.0,7.0
36005.0,2021-01-01,Bronx,1120.0,3.0
36047.0,2021-01-01,Kings,1620.0,14.0
36061.0,2021-01-01,New York,734.0,10.0
36081.0,2021-01-01,Queens,1731.0,20.0
36085.0,2021-01-01,Richmond,624.0,10.0
36005.0,2021-01-02,Bronx,1222.0,-3.0
36047.0,2021-01-02,Kings,1600.0,11.0
36061.0,2021-01-02,New York,818.0,8.0
36081.0,2021-01-02,Queens,1785.0,8.0
36085.0,2021-01-02,Richmond,575.0,1.0
36005.0,2021-01-03,Bronx,799.0,10.0
36047.0,2021-01-03,Kings,1181.0,15.0
36061.0,2021-01-03,New York,495.0,2.0
36081.0,2021-01-03,Queens,1311.0,0.0
36085.0,2021-01-03,Richmond,418.0,1.0
36005.0,2021-01-04,Bronx,671.0,6.0
36047.0,2021-01-04,Kings,1004.0,12.0
36061.0,2021-01-04,New York,445.0,-1.0
36081.0,2021-01-04,Queens,1236.0,6.0
36085.0,2021-01-04,Richmond,403.0,4.0
36005.0,2021-01-05,Bronx,924.0,3.0
36047.0,2021-01-05,Kings,1401.0,5.0
36061.0,2021-01-05,New York,755.0,5.0
36081.0,2021-01-05,Queens,1619.0,8.0
36085.0,2021-01-05,Richmond,638.0,7.0
36005.0,2021-01-06,Bronx,837.0,9.0
36047.0,2021-01-06,Kings,1422.0,19.0
36061.0,2021-01-06,New York,592.0,5.0
36081.0,2021-01-06,Queens,1587.0,2.0
36085.0,2021-01-06,Richmond,563.0,9.0
36005.0,2021-01-07,Bronx,1198.0,8.0
36047.0,2021-01-07,Kings,1790.0,25.0
36061.0,2021-01-07,New York,906.0,4.0
36081.0,2021-01-07,Queens,1795.0,10.0
36085.0,2021-01-07,Richmond,648.0,7.0
36005.0,2021-01-08,Bronx,1284.0,8.0
36047.0,2021-01-08,Kings,1964.0,28.0
36061.0,2021-01-08,New York,1103.0,-2.0
36081.0,2021-01-08,Queens,2138.0,10.0
36085.0,2021-01-08,Richmond,521.0,6.0
36005.0,2021-01-09,Bronx,1283.0,7.0
36047.0,2021-01-09,Kings,1917.0,18.0
36061.0,2021-01-09,New York,902.0,6.0
36081.0,2021-01-09,Queens,2141.0,13.0
36085.0,2021-01-09,Richmond,697.0,3.0
36005.0,2021-01-10,Bronx,1155.0,7.0
36047.0,2021-01-10,Kings,1750.0,17.0
36061.0,2021-01-10,New York,912.0,9.0
36081.0,2021-01-10,Queens,1904.0,17.0
36085.0,2021-01-10,Richmond,550.0,11.0
36005.0,2021-01-11,Bronx,1137.0,13.0
36047.0,2021-01-11,Kings,1610.0,19.0
36061.0,2021-01-11,New York,900.0,11.0
36081.0,2021-01-11,Queens,1643.0,12.0
36085.0,2021-01-11,Richmond,463.0,4.0
36005.0,2021-01-12,Bronx,1043.0,10.0
36047.0,2021-01-12,Kings,1648.0,9.0
36061.0,2021-01-12,New York,689.0,8.0
36081.0,2021-01-12,Queens,1606.0,28.0
36085.0,2021-01-12,Richmond,589.0,4.0
36005.0,2021-01-13,Bronx,1030.0,9.0
36047.0,2021-01-13,Kings,1835.0,18.0
36061.0,2021-01-13,New York,689.0,6.0
36081.0,2021-01-13,Queens,1882.0,30.0
36085.0,2021-01-13,Richmond,512.0,8.0
36005.0,2021-01-14,Bronx,1080.0,10.0
36047.0,2021-01-14,Kings,1794.0,29.0
36061.0,2021-01-14,New York,826.0,7.0
36081.0,2021-01-14,Queens,1681.0,35.0
36085.0,2021-01-14,Richmond,500.0,6.0
36005.0,2021-01-15,Bronx,1385.0,6.0
36047.0,2021-01-15,Kings,2118.0,24.0
36061.0,2021-01-15,New York,1027.0,3.0
36081.0,2021-01-15,Queens,2121.0,25.0
36085.0,2021-01-15,Richmond,599.0,4.0
36005.0,2021-01-16,Bronx,1186.0,9.0
36047.0,2021-01-16,Kings,1875.0,26.0
36061.0,2021-01-16,New York,899.0,5.0
36081.0,2021-01-16,Queens,1843.0,33.0
36085.0,2021-01-16,Richmond,463.0,4.0
36005.0,2021-01-17,Bronx,1130.0,3.0
36047.0,2021-01-17,Kings,1595.0,17.0
36061.0,2021-01-17,New York,818.0,10.0
36081.0,2021-01-17,Queens,1635.0,21.0
36085.0,2021-01-17,Richmond,425.0,6.0
36005.0,2021-01-18,Bronx,1306.0,17.0
36047.0,2021-01-18,Kings,1867.0,20.0
36061.0,2021-01-18,New York,867.0,5.0
36081.0,2021-01-18,Queens,1881.0,16.0
36085.0,2021-01-18,Richmond,527.0,7.0
36005.0,2021-01-19,Bronx,1078.0,3.0
36047.0,2021-01-19,Kings,1671.0,16.0
36061.0,2021-01-19,New York,646.0,10.0
36081.0,2021-01-19,Queens,1743.0,19.0
36085.0,2021-01-19,Richmond,419.0,4.0
36005.0,2021-01-20,Bronx,702.0,27.0
36047.0,2021-01-20,Kings,1364.0,19.0
36061.0,2021-01-20,New York,581.0,7.0
36081.0,2021-01-20,Queens,1335.0,18.0
36085.0,2021-01-20,Richmond,360.0,4.0
36005.0,2021-01-21,Bronx,924.0,8.0
36047.0,2021-01-21,Kings,1661.0,28.0
36061.0,2021-01-21,New York,721.0,14.0
36081.0,2021-01-21,Queens,1489.0,33.0
36085.0,2021-01-21,Richmond,423.0,4.0
36005.0,2021-01-22,Bronx,1411.0,6.0
36047.0,2021-01-22,Kings,2038.0,29.0
36061.0,2021-01-22,New York,931.0,10.0
36081.0,2021-01-22,Queens,1957.0,20.0
36085.0,2021-01-22,Richmond,503.0,2.0
36005.0,2021-01-23,Bronx,1304.0,11.0
36047.0,2021-01-23,Kings,1630.0,27.0
36061.0,2021-01-23,New York,907.0,10.0
36081.0,2021-01-23,Queens,1714.0,16.0
36085.0,2021-01-23,Richmond,419.0,11.0
36005.0,2021-01-24,Bronx,1078.0,9.0
36047.0,2021-01-24,Kings,1505.0,29.0
36061.0,2021-01-24,New York,811.0,12.0
36081.0,2021-01-24,Queens,1630.0,21.0
36085.0,2021-01-24,Richmond,392.0,3.0
36005.0,2021-01-25,Bronx,1240.0,15.0
36047.0,2021-01-25,Kings,1557.0,25.0
36061.0,2021-01-25,New York,881.0,10.0
36081.0,2021-01-25,Queens,1596.0,17.0
36085.0,2021-01-25,Richmond,388.0,2.0
36005.0,2021-01-26,Bronx,1094.0,7.0
36047.0,2021-01-26,Kings,1370.0,16.0
36061.0,2021-01-26,New York,714.0,4.0
36081.0,2021-01-26,Queens,1537.0,17.0
36085.0,2021-01-26,Richmond,340.0,8.0
36005.0,2021-01-27,Bronx,794.0,11.0
36047.0,2021-01-27,Kings,1314.0,32.0
36061.0,2021-01-27,New York,616.0,19.0
36081.0,2021-01-27,Queens,1273.0,20.0
36085.0,2021-01-27,Richmond,283.0,6.0
36005.0,2021-01-28,Bronx,1258.0,12.0
36047.0,2021-01-28,Kings,2043.0,21.0
36061.0,2021-01-28,New York,976.0,5.0
36081.0,2021-01-28,Queens,1781.0,25.0
36085.0,2021-01-28,Richmond,427.0,8.0
36005.0,2021-01-29,Bronx,1289.0,9.0
36047.0,2021-01-29,Kings,1760.0,42.0
36061.0,2021-01-29,New York,950.0,16.0
36081.0,2021-01-29,Queens,1774.0,26.0
36085.0,2021-01-29,Richmond,377.0,6.0
36005.0,2021-01-30,Bronx,1204.0,17.0
36047.0,2021-01-30,Kings,1912.0,27.0
36061.0,2021-01-30,New York,878.0,15.0
36081.0,2021-01-30,Queens,1765.0,26.0
36085.0,2021-01-30,Richmond,354.0,4.0
36005.0,2021-01-31,Bronx,1122.0,18.0
36047.0,2021-01-31,Kings,1569.0,27.0
36061.0,2021-01-31,New York,848.0,15.0
36081.0,2021-01-31,Queens,1578.0,23.0
36085.0,2021-01-31,Richmond,314.0,9.0
36005.0,2021-02-01,Bronx,1001.0,17.0
36047.0,2021-02-01,Kings,1385.0,26.0
36061.0,2021-02-01,New York,652.0,10.0
36081.0,2021-02-01,Queens,1289.0,23.0
36085.0,2021-02-01,Richmond,289.0,9.0
36005.0,2021-02-02,Bronx,791.0,12.0
36047.0,2021-02-02,Kings,1181.0,22.0
36061.0,2021-02-02,New York,522.0,11.0
36081.0,2021-02-02,Queens,1201.0,19.0
36085.0,2021-02-02,Richmond,230.0,1.0
36005.0,2021-02-03,Bronx,770.0,13.0
36047.0,2021-02-03,Kings,1141.0,8.0
36061.0,2021-02-03,New York,515.0,5.0
36081.0,2021-02-03,Queens,1121.0,25.0
36085.0,2021-02-03,Richmond,260.0,3.0
36005.0,2021-02-04,Bronx,492.0,4.0
36047.0,2021-02-04,Kings,802.0,30.0
36061.0,2021-02-04,New York,383.0,12.0
36081.0,2021-02-04,Queens,686.0,29.0
36085.0,2021-02-04,Richmond,131.0,2.0
36005.0,2021-02-05,Bronx,486.0,15.0
36047.0,2021-02-05,Kings,1029.0,24.0
36061.0,2021-02-05,New York,437.0,11.0
36081.0,2021-02-05,Queens,895.0,24.0
36085.0,2021-02-05,Richmond,152.0,6.0
36005.0,2021-02-06,Bronx,1161.0,13.0
36047.0,2021-02-06,Kings,1657.0,32.0
36061.0,2021-02-06,New York,925.0,15.0
36081.0,2021-02-06,Queens,1499.0,31.0
36085.0,2021-02-06,Richmond,341.0,7.0
36005.0,2021-02-07,Bronx,1147.0,23.0
36047.0,2021-02-07,Kings,1479.0,32.0
36061.0,2021-02-07,New York,828.0,15.0
36081.0,2021-02-07,Queens,1415.0,23.0
36085.0,2021-02-07,Richmond,306.0,6.0
36005.0,2021-02-08,Bronx,1158.0,15.0
36047.0,2021-02-08,Kings,1397.0,24.0
36061.0,2021-02-08,New York,733.0,7.0
36081.0,2021-02-08,Queens,1451.0,20.0
36085.0,2021-02-08,Richmond,329.0,5.0
36005.0,2021-02-09,Bronx,1026.0,13.0
36047.0,2021-02-09,Kings,1413.0,32.0
36061.0,2021-02-09,New York,635.0,9.0
36081.0,2021-02-09,Queens,1290.0,13.0
36085.0,2021-02-09,Richmond,248.0,2.0
36005.0,2021-02-10,Bronx,564.0,26.0
36047.0,2021-02-10,Kings,876.0,29.0
36061.0,2021-02-10,New York,411.0,12.0
36081.0,2021-02-10,Queens,750.0,32.0
36085.0,2021-02-10,Richmond,178.0,7.0
36005.0,2021-02-11,Bronx,1163.0,10.0
36047.0,2021-02-11,Kings,1583.0,25.0
36061.0,2021-02-11,New York,702.0,15.0
36081.0,2021-02-11,Queens,1368.0,23.0
36085.0,2021-02-11,Richmond,304.0,2.0
36005.0,2021-02-12,Bronx,1051.0,19.0
36047.0,2021-02-12,Kings,1280.0,29.0
36061.0,2021-02-12,New York,663.0,16.0
36081.0,2021-02-12,Queens,1201.0,25.0
36085.0,2021-02-12,Richmond,297.0,6.0
36005.0,2021-02-13,Bronx,1025.0,20.0
36047.0,2021-02-13,Kings,1298.0,20.0
36061.0,2021-02-13,New York,700.0,14.0
36081.0,2021-02-13,Queens,1239.0,18.0
36085.0,2021-02-13,Richmond,311.0,5.0
36005.0,2021-02-14,Bronx,826.0,19.0
36047.0,2021-02-14,Kings,1128.0,33.0
36061.0,2021-02-14,New York,690.0,12.0
36081.0,2021-02-14,Queens,1197.0,25.0
36085.0,2021-02-14,Richmond,291.0,8.0
36005.0,2021-02-15,Bronx,777.0,13.0
36047.0,2021-02-15,Kings,972.0,22.0
36061.0,2021-02-15,New York,602.0,5.0
36081.0,2021-02-15,Queens,1031.0,22.0
36085.0,2021-02-15,Richmond,243.0,4.0
36005.0,2021-02-16,Bronx,675.0,15.0
36047.0,2021-02-16,Kings,1112.0,16.0
36061.0,2021-02-16,New York,492.0,14.0
36081.0,2021-02-16,Queens,1144.0,18.0
36085.0,2021-02-16,Richmond,233.0,5.0
36005.0,2021-02-17,Bronx,607.0,7.0
36047.0,2021-02-17,Kings,894.0,25.0
36061.0,2021-02-17,New York,403.0,15.0
36081.0,2021-02-17,Queens,829.0,22.0
36085.0,2021-02-17,Richmond,177.0,7.0
36005.0,2021-02-18,Bronx,1242.0,27.0
36047.0,2021-02-18,Kings,1841.0,27.0
36061.0,2021-02-18,New York,859.0,9.0
36081.0,2021-02-18,Queens,1962.0,21.0
36085.0,2021-02-18,Richmond,412.0,3.0
36005.0,2021-02-19,Bronx,980.0,22.0
36047.0,2021-02-19,Kings,1425.0,41.0
36061.0,2021-02-19,New York,746.0,10.0
36081.0,2021-02-19,Queens,1304.0,31.0
36085.0,2021-02-19,Richmond,281.0,3.0
36005.0,2021-02-20,Bronx,1026.0,13.0
36047.0,2021-02-20,Kings,1368.0,24.0
36061.0,2021-02-20,New York,761.0,11.0
36081.0,2021-02-20,Queens,1266.0,25.0
36085.0,2021-02-20,Richmond,274.0,5.0
36005.0,2021-02-21,Bronx,550.0,17.0
36047.0,2021-02-21,Kings,916.0,21.0
36061.0,2021-02-21,New York,551.0,8.0
36081.0,2021-02-21,Queens,847.0,26.0
36085.0,2021-02-21,Richmond,145.0,2.0
36005.0,2021-02-22,Bronx,733.0,10.0
36047.0,2021-02-22,Kings,983.0,21.0
36061.0,2021-02-22,New York,563.0,8.0
36081.0,2021-02-22,Queens,969.0,14.0
36085.0,2021-02-22,Richmond,256.0,2.0
36005.0,2021-02-23,Bronx,807.0,28.0
36047.0,2021-02-23,Kings,1066.0,15.0
36061.0,2021-02-23,New York,591.0,10.0
36081.0,2021-02-23,Queens,1116.0,8.0
36085.0,2021-02-23,Richmond,228.0,2.0
36005.0,2021-02-24,Bronx,513.0,11.0
36047.0,2021-02-24,Kings,1196.0,23.0
36061.0,2021-02-24,New York,441.0,12.0
36081.0,2021-02-24,Queens,935.0,25.0
36085.0,2021-02-24,Richmond,227.0,5.0
36005.0,2021-02-25,Bronx,930.0,14.0
36047.0,2021-02-25,Kings,1375.0,27.0
36061.0,2021-02-25,New York,666.0,11.0
36081.0,2021-02-25,Queens,1192.0,23.0
36085.0,2021-02-25,Richmond,295.0,6.0
36005.0,2021-02-26,Bronx,895.0,14.0
36047.0,2021-02-26,Kings,1337.0,28.0
36061.0,2021-02-26,New York,684.0,12.0
36081.0,2021-02-26,Queens,1136.0,26.0
36085.0,2021-02-26,Richmond,232.0,7.0
36005.0,2021-02-27,Bronx,866.0,18.0
36047.0,2021-02-27,Kings,1263.0,27.0
36061.0,2021-02-27,New York,709.0,13.0
36081.0,2021-02-27,Queens,1196.0,19.0
36085.0,2021-02-27,Richmond,243.0,3.0
36005.0,2021-02-28,Bronx,879.0,16.0
36047.0,2021-02-28,Kings,1239.0,15.0
36061.0,2021-02-28,New York,646.0,10.0
36081.0,2021-02-28,Queens,1152.0,22.0
36085.0,2021-02-28,Richmond,289.0,3.0
36005.0,2021-03-01,Bronx,705.0,12.0
36047.0,2021-03-01,Kings,1082.0,25.0
36061.0,2021-03-01,New York,633.0,8.0
36081.0,2021-03-01,Queens,1019.0,19.0
36085.0,2021-03-01,Richmond,263.0,2.0
36005.0,2021-03-02,Bronx,707.0,16.0
36047.0,2021-03-02,Kings,1174.0,26.0
36061.0,2021-03-02,New York,522.0,11.0
36081.0,2021-03-02,Queens,1115.0,20.0
36085.0,2021-03-02,Richmond,204.0,1.0
36005.0,2021-03-03,Bronx,583.0,10.0
36047.0,2021-03-03,Kings,1083.0,28.0
36061.0,2021-03-03,New York,430.0,23.0
36081.0,2021-03-03,Queens,873.0,27.0
36085.0,2021-03-03,Richmond,212.0,6.0
36005.0,2021-03-04,Bronx,750.0,13.0
36047.0,2021-03-04,Kings,1159.0,28.0
36061.0,2021-03-04,New York,617.0,14.0
36081.0,2021-03-04,Queens,1105.0,27.0
36085.0,2021-03-04,Richmond,278.0,4.0
36005.0,2021-03-05,Bronx,717.0,14.0
36047.0,2021-03-05,Kings,1247.0,22.0
36061.0,2021-03-05,New York,653.0,10.0
36081.0,2021-03-05,Queens,1128.0,19.0
36085.0,2021-03-05,Richmond,317.0,6.0
36005.0,2021-03-06,Bronx,934.0,9.0
36047.0,2021-03-06,Kings,1350.0,17.0
36061.0,2021-03-06,New York,720.0,10.0
36081.0,2021-03-06,Queens,1232.0,26.0
36085.0,2021-03-06,Richmond,333.0,6.0
36005.0,2021-03-07,Bronx,862.0,12.0
36047.0,2021-03-07,Kings,1282.0,19.0
36061.0,2021-03-07,New York,721.0,6.0
36081.0,2021-03-07,Queens,1145.0,23.0
36085.0,2021-03-07,Richmond,365.0,3.0
36005.0,2021-03-08,Bronx,520.0,13.0
36047.0,2021-03-08,Kings,824.0,7.0
36061.0,2021-03-08,New York,446.0,11.0
36081.0,2021-03-08,Queens,877.0,13.0
36085.0,2021-03-08,Richmond,214.0,4.0
36005.0,2021-03-09,Bronx,707.0,8.0
36047.0,2021-03-09,Kings,1197.0,15.0
36061.0,2021-03-09,New York,549.0,8.0
36081.0,2021-03-09,Queens,1163.0,6.0
36085.0,2021-03-09,Richmond,307.0,3.0
36005.0,2021-03-10,Bronx,531.0,7.0
36047.0,2021-03-10,Kings,919.0,15.0
36061.0,2021-03-10,New York,435.0,9.0
36081.0,2021-03-10,Queens,920.0,23.0
36085.0,2021-03-10,Richmond,218.0,4.0
36005.0,2021-03-11,Bronx,682.0,21.0
36047.0,2021-03-11,Kings,1279.0,13.0
36061.0,2021-03-11,New York,603.0,18.0
36081.0,2021-03-11,Queens,1109.0,29.0
36085.0,2021-03-11,Richmond,292.0,7.0
36005.0,2021-03-12,Bronx,786.0,15.0
36047.0,2021-03-12,Kings,1336.0,19.0
36061.0,2021-03-12,New York,671.0,8.0
36081.0,2021-03-12,Queens,1175.0,17.0
36085.0,2021-03-12,Richmond,274.0,3.0
36005.0,2021-03-13,Bronx,528.0,14.0
36047.0,2021-03-13,Kings,887.0,16.0
36061.0,2021-03-13,New York,438.0,10.0
36081.0,2021-03-13,Queens,831.0,18.0
36085.0,2021-03-13,Richmond,208.0,2.0
36005.0,2021-03-14,Bronx,638.0,19.0
36047.0,2021-03-14,Kings,1237.0,30.0
36061.0,2021-03-14,New York,609.0,10.0
36081.0,2021-03-14,Queens,1095.0,8.0
36085.0,2021-03-14,Richmond,283.0,5.0
36005.0,2021-03-15,Bronx,676.0,12.0
36047.0,2021-03-15,Kings,1281.0,25.0
36061.0,2021-03-15,New York,655.0,7.0
36081.0,2021-03-15,Queens,1407.0,8.0
36085.0,2021-03-15,Richmond,300.0,4.0
36005.0,2021-03-16,Bronx,585.0,13.0
36047.0,2021-03-16,Kings,1116.0,13.0
36061.0,2021-03-16,New York,449.0,3.0
36081.0,2021-03-16,Queens,1164.0,21.0
36085.0,2021-03-16,Richmond,257.0,2.0
36005.0,2021-03-17,Bronx,511.0,3.0
36047.0,2021-03-17,Kings,885.0,17.0
36061.0,2021-03-17,New York,471.0,13.0
36081.0,2021-03-17,Queens,922.0,13.0
36085.0,2021-03-17,Richmond,212.0,0.0
36005.0,2021-03-18,Bronx,308.0,11.0
36047.0,2021-03-18,Kings,576.0,24.0
36061.0,2021-03-18,New York,233.0,8.0
36081.0,2021-03-18,Queens,521.0,20.0
36085.0,2021-03-18,Richmond,128.0,3.0
36005.0,2021-03-19,Bronx,251.0,11.0
36047.0,2021-03-19,Kings,406.0,21.0
36061.0,2021-03-19,New York,226.0,12.0
36081.0,2021-03-19,Queens,405.0,13.0
36085.0,2021-03-19,Richmond,109.0,7.0
36005.0,2021-03-20,Bronx,455.0,9.0
36047.0,2021-03-20,Kings,889.0,12.0
36061.0,2021-03-20,New York,390.0,6.0
36081.0,2021-03-20,Queens,869.0,16.0
36085.0,2021-03-20,Richmond,210.0,3.0
36005.0,2021-03-21,Bronx,0.0,0.0
36047.0,2021-03-21,Kings,0.0,0.0
36061.0,2021-03-21,New York,0.0,0.0
36081.0,2021-03-21,Queens,0.0,0.0
36085.0,2021-03-21,Richmond,0.0,0.0
36005.0,2021-03-22,Bronx,0.0,0.0
36047.0,2021-03-22,Kings,0.0,0.0
36061.0,2021-03-22,New York,0.0,0.0
36081.0,2021-03-22,Queens,0.0,0.0
36085.0,2021-03-22,Richmond,0.0,0.0
36005.0,2021-03-23,Bronx,0.0,0.0
36047.0,2021-03-23,Kings,0.0,0.0
36061.0,2021-03-23,New York,0.0,0.0
36081.0,2021-03-23,Queens,0.0,0.0
36085.0,2021-03-23,Richmond,0.0,0.0
36005.0,2021-03-24,Bronx,3716.0,42.0
36047.0,2021-03-24,Kings,6787.0,58.0
36061.0,2021-03-24,New York,5226.0,43.0
36081.0,2021-03-24,Queens,6769.0,66.0
36085.0,2021-03-24,Richmond,1671.0,12.0
36005.0,2021-03-25,Bronx,729.0,7.0
36047.0,2021-03-25,Kings,1473.0,12.0
36061.0,2021-03-25,New York,595.0,14.0
36081.0,2021-03-25,Queens,1333.0,20.0
36085.0,2021-03-25,Richmond,372.0,6.0
36005.0,2021-03-26,Bronx,591.0,10.0
36047.0,2021-03-26,Kings,1297.0,17.0
36061.0,2021-03-26,New York,649.0,6.0
36081.0,2021-03-26,Queens,1124.0,11.0
36085.0,2021-03-26,Richmond,285.0,4.0
36005.0,2021-03-27,Bronx,782.0,14.0
36047.0,2021-03-27,Kings,1314.0,11.0
36061.0,2021-03-27,New York,662.0,15.0
36081.0,2021-03-27,Queens,1323.0,11.0
36085.0,2021-03-27,Richmond,321.0,6.0
36005.0,2021-03-28,Bronx,777.0,5.0
36047.0,2021-03-28,Kings,1381.0,29.0
36061.0,2021-03-28,New York,760.0,9.0
36081.0,2021-03-28,Queens,1457.0,25.0
36085.0,2021-03-28,Richmond,337.0,6.0
36005.0,2021-03-29,Bronx,1139.0,23.0
36047.0,2021-03-29,Kings,1473.0,31.0
36061.0,2021-03-29,New York,619.0,14.0
36081.0,2021-03-29,Queens,1491.0,29.0
36085.0,2021-03-29,Richmond,396.0,9.0
36005.0,2021-03-30,Bronx,385.0,0.0
36047.0,2021-03-30,Kings,656.0,2.0
36061.0,2021-03-30,New York,488.0,0.0
36081.0,2021-03-30,Queens,740.0,0.0
36085.0,2021-03-30,Richmond,212.0,0.0
36005.0,2021-03-31,Bronx,581.0,12.0
36047.0,2021-03-31,Kings,1028.0,17.0
36061.0,2021-03-31,New York,604.0,5.0
36081.0,2021-03-31,Queens,1092.0,23.0
36085.0,2021-03-31,Richmond,280.0,-1.0
36005.0,2021-04-01,Bronx,842.0,15.0
36047.0,2021-04-01,Kings,1266.0,15.0
36061.0,2021-04-01,New York,657.0,13.0
36081.0,2021-04-01,Queens,1456.0,12.0
36085.0,2021-04-01,Richmond,388.0,6.0
36005.0,2021-04-02,Bronx,758.0,8.0
36047.0,2021-04-02,Kings,1201.0,32.0
36061.0,2021-04-02,New York,636.0,7.0
36081.0,2021-04-02,Queens,1135.0,10.0
36085.0,2021-04-02,Richmond,317.0,1.0
36005.0,2021-04-03,Bronx,671.0,12.0
36047.0,2021-04-03,Kings,1004.0,24.0
36061.0,2021-04-03,New York,603.0,6.0
36081.0,2021-04-03,Queens,1048.0,19.0
36085.0,2021-04-03,Richmond,292.0,4.0
36005.0,2021-04-04,Bronx,680.0,13.0
36047.0,2021-04-04,Kings,1140.0,21.0
36061.0,2021-04-04,New York,592.0,5.0
36081.0,2021-04-04,Queens,1154.0,21.0
36085.0,2021-04-04,Richmond,290.0,1.0
36005.0,2021-04-05,Bronx,517.0,12.0
36047.0,2021-04-05,Kings,952.0,13.0
36061.0,2021-04-05,New York,465.0,4.0
36081.0,2021-04-05,Queens,982.0,21.0
36085.0,2021-04-05,Richmond,280.0,3.0
36005.0,2021-04-06,Bronx,503.0,8.0
36047.0,2021-04-06,Kings,1071.0,10.0
36061.0,2021-04-06,New York,370.0,5.0
36081.0,2021-04-06,Queens,991.0,8.0
36085.0,2021-04-06,Richmond,264.0,1.0
36005.0,2021-04-07,Bronx,412.0,14.0
36047.0,2021-04-07,Kings,902.0,8.0
36061.0,2021-04-07,New York,527.0,9.0
36081.0,2021-04-07,Queens,803.0,16.0
36085.0,2021-04-07,Richmond,234.0,2.0
36005.0,2021-04-08,Bronx,699.0,7.0
36047.0,2021-04-08,Kings,1188.0,27.0
36061.0,2021-04-08,New York,604.0,5.0
36081.0,2021-04-08,Queens,1278.0,15.0
36085.0,2021-04-08,Richmond,422.0,7.0
36005.0,2021-04-09,Bronx,736.0,12.0
36047.0,2021-04-09,Kings,1189.0,12.0
36061.0,2021-04-09,New York,666.0,5.0
36081.0,2021-04-09,Queens,1112.0,19.0
36085.0,2021-04-09,Richmond,310.0,5.0
36005.0,2021-04-10,Bronx,599.0,10.0
36047.0,2021-04-10,Kings,1088.0,14.0
36061.0,2021-04-10,New York,530.0,8.0
36081.0,2021-04-10,Queens,1004.0,10.0
36085.0,2021-04-10,Richmond,299.0,5.0
36005.0,2021-04-11,Bronx,533.0,6.0
36047.0,2021-04-11,Kings,939.0,19.0
36061.0,2021-04-11,New York,475.0,10.0
36081.0,2021-04-11,Queens,890.0,18.0
36085.0,2021-04-11,Richmond,275.0,3.0
36005.0,2021-04-12,Bronx,465.0,12.0
36047.0,2021-04-12,Kings,917.0,25.0
36061.0,2021-04-12,New York,293.0,3.0
36081.0,2021-04-12,Queens,934.0,18.0
36085.0,2021-04-12,Richmond,273.0,5.0
36005.0,2021-04-13,Bronx,381.0,6.0
36047.0,2021-04-13,Kings,720.0,7.0
36061.0,2021-04-13,New York,274.0,8.0
36081.0,2021-04-13,Queens,748.0,8.0
36085.0,2021-04-13,Richmond,180.0,2.0
36005.0,2021-04-14,Bronx,363.0,6.0
36047.0,2021-04-14,Kings,1118.0,20.0
36061.0,2021-04-14,New York,329.0,9.0
36081.0,2021-04-14,Queens,686.0,15.0
36085.0,2021-04-14,Richmond,247.0,1.0
36005.0,2021-04-15,Bronx,453.0,7.0
36047.0,2021-04-15,Kings,930.0,24.0
36061.0,2021-04-15,New York,403.0,2.0
36081.0,2021-04-15,Queens,883.0,23.0
36085.0,2021-04-15,Richmond,222.0,4.0
36005.0,2021-04-16,Bronx,497.0,10.0
36047.0,2021-04-16,Kings,1091.0,20.0
36061.0,2021-04-16,New York,541.0,6.0
36081.0,2021-04-16,Queens,872.0,13.0
36085.0,2021-04-16,Richmond,231.0,3.0
36005.0,2021-04-17,Bronx,347.0,7.0
36047.0,2021-04-17,Kings,716.0,23.0
36061.0,2021-04-17,New York,567.0,8.0
36081.0,2021-04-17,Queens,591.0,14.0
36085.0,2021-04-17,Richmond,181.0,3.0
36005.0,2021-04-18,Bronx,446.0,5.0
36047.0,2021-04-18,Kings,835.0,14.0
36061.0,2021-04-18,New York,401.0,7.0
36081.0,2021-04-18,Queens,749.0,5.0
36085.0,2021-04-18,Richmond,200.0,3.0
36005.0,2021-04-19,Bronx,471.0,3.0
36047.0,2021-04-19,Kings,956.0,12.0
36061.0,2021-04-19,New York,255.0,3.0
36081.0,2021-04-19,Queens,847.0,9.0
36085.0,2021-04-19,Richmond,264.0,2.0
36005.0,2021-04-20,Bronx,444.0,4.0
36047.0,2021-04-20,Kings,789.0,18.0
36061.0,2021-04-20,New York,209.0,3.0
36081.0,2021-04-20,Queens,758.0,9.0
36085.0,2021-04-20,Richmond,231.0,4.0
36005.0,2021-04-21,Bronx,304.0,4.0
36047.0,2021-04-21,Kings,616.0,5.0
36061.0,2021-04-21,New York,282.0,7.0
36081.0,2021-04-21,Queens,555.0,5.0
36085.0,2021-04-21,Richmond,194.0,1.0
36005.0,2021-04-22,Bronx,423.0,9.0
36047.0,2021-04-22,Kings,822.0,18.0
36061.0,2021-04-22,New York,264.0,4.0
36081.0,2021-04-22,Queens,706.0,14.0
36085.0,2021-04-22,Richmond,218.0,1.0
36005.0,2021-04-23,Bronx,376.0,3.0
36047.0,2021-04-23,Kings,664.0,18.0
36061.0,2021-04-23,New York,288.0,5.0
36081.0,2021-04-23,Queens,571.0,16.0
36085.0,2021-04-23,Richmond,180.0,2.0
36005.0,2021-04-24,Bronx,290.0,6.0
36047.0,2021-04-24,Kings,641.0,14.0
36061.0,2021-04-24,New York,224.0,8.0
36081.0,2021-04-24,Queens,499.0,19.0
36085.0,2021-04-24,Richmond,188.0,1.0
36005.0,2021-04-25,Bronx,329.0,7.0
36047.0,2021-04-25,Kings,646.0,15.0
36061.0,2021-04-25,New York,252.0,7.0
36081.0,2021-04-25,Queens,517.0,6.0
36085.0,2021-04-25,Richmond,160.0,1.0
36005.0,2021-04-26,Bronx,197.0,5.0
36047.0,2021-04-26,Kings,462.0,3.0
36061.0,2021-04-26,New York,130.0,0.0
36081.0,2021-04-26,Queens,385.0,4.0
36085.0,2021-04-26,Richmond,133.0,0.0
36005.0,2021-04-27,Bronx,323.0,6.0
36047.0,2021-04-27,Kings,616.0,20.0
36061.0,2021-04-27,New York,160.0,8.0
36081.0,2021-04-27,Queens,561.0,20.0
36085.0,2021-04-27,Richmond,139.0,5.0
36005.0,2021-04-28,Bronx,161.0,2.0
36047.0,2021-04-28,Kings,403.0,4.0
36061.0,2021-04-28,New York,181.0,5.0
36081.0,2021-04-28,Queens,349.0,1.0
36085.0,2021-04-28,Richmond,98.0,0.0
36005.0,2021-04-29,Bronx,241.0,10.0
36047.0,2021-04-29,Kings,468.0,14.0
36061.0,2021-04-29,New York,210.0,6.0
36081.0,2021-04-29,Queens,385.0,20.0
36085.0,2021-04-29,Richmond,124.0,4.0
36005.0,2021-04-30,Bronx,288.0,2.0
36047.0,2021-04-30,Kings,571.0,13.0
36061.0,2021-04-30,New York,205.0,5.0
36081.0,2021-04-30,Queens,385.0,13.0
36085.0,2021-04-30,Richmond,130.0,2.0
36005.0,2021-05-01,Bronx,286.0,12.0
36047.0,2021-05-01,Kings,571.0,18.0
36061.0,2021-05-01,New York,237.0,4.0
36081.0,2021-05-01,Queens,472.0,16.0
36085.0,2021-05-01,Richmond,139.0,2.0
36005.0,2021-05-02,Bronx,196.0,7.0
36047.0,2021-05-02,Kings,459.0,9.0
36061.0,2021-05-02,New York,173.0,4.0
36081.0,2021-05-02,Queens,340.0,7.0
36085.0,2021-05-02,Richmond,109.0,0.0
36005.0,2021-05-03,Bronx,189.0,4.0
36047.0,2021-05-03,Kings,396.0,9.0
36061.0,2021-05-03,New York,101.0,3.0
36081.0,2021-05-03,Queens,344.0,12.0
36085.0,2021-05-03,Richmond,106.0,1.0
36005.0,2021-05-04,Bronx,157.0,8.0
36047.0,2021-05-04,Kings,281.0,12.0
36061.0,2021-05-04,New York,92.0,1.0
36081.0,2021-05-04,Queens,254.0,8.0
36085.0,2021-05-04,Richmond,81.0,2.0
36005.0,2021-05-05,Bronx,225.0,1.0
36047.0,2021-05-05,Kings,350.0,17.0
36061.0,2021-05-05,New York,120.0,4.0
36081.0,2021-05-05,Queens,266.0,10.0
36085.0,2021-05-05,Richmond,82.0,4.0
36005.0,2021-05-06,Bronx,197.0,5.0
36047.0,2021-05-06,Kings,348.0,14.0
36061.0,2021-05-06,New York,158.0,5.0
36081.0,2021-05-06,Queens,331.0,9.0
36085.0,2021-05-06,Richmond,78.0,4.0
36005.0,2021-05-07,Bronx,161.0,6.0
36047.0,2021-05-07,Kings,347.0,12.0
36061.0,2021-05-07,New York,119.0,5.0
36081.0,2021-05-07,Queens,264.0,6.0
36085.0,2021-05-07,Richmond,95.0,5.0
36005.0,2021-05-08,Bronx,216.0,2.0
36047.0,2021-05-08,Kings,348.0,12.0
36061.0,2021-05-08,New York,193.0,10.0
36081.0,2021-05-08,Queens,292.0,5.0
36085.0,2021-05-08,Richmond,86.0,2.0
36005.0,2021-05-09,Bronx,165.0,5.0
36047.0,2021-05-09,Kings,343.0,8.0
36061.0,2021-05-09,New York,104.0,2.0
36081.0,2021-05-09,Queens,277.0,9.0
36085.0,2021-05-09,Richmond,58.0,1.0
36005.0,2021-05-10,Bronx,132.0,5.0
36047.0,2021-05-10,Kings,231.0,14.0
36061.0,2021-05-10,New York,77.0,3.0
36081.0,2021-05-10,Queens,213.0,3.0
36085.0,2021-05-10,Richmond,88.0,3.0
36005.0,2021-05-11,Bronx,74.0,4.0
36047.0,2021-05-11,Kings,147.0,6.0
36061.0,2021-05-11,New York,69.0,1.0
36081.0,2021-05-11,Queens,153.0,6.0
36085.0,2021-05-11,Richmond,51.0,0.0
36005.0,2021-05-12,Bronx,181.0,7.0
36047.0,2021-05-12,Kings,281.0,10.0
36061.0,2021-05-12,New York,108.0,3.0
36081.0,2021-05-12,Queens,246.0,14.0
36085.0,2021-05-12,Richmond,56.0,4.0
36005.0,2021-05-13,Bronx,163.0,4.0
36047.0,2021-05-13,Kings,279.0,11.0
36061.0,2021-05-13,New York,93.0,7.0
36081.0,2021-05-13,Queens,225.0,12.0
36085.0,2021-05-13,Richmond,68.0,1.0
36005.0,2021-05-14,Bronx,119.0,4.0
36047.0,2021-05-14,Kings,271.0,15.0
36061.0,2021-05-14,New York,124.0,5.0
36081.0,2021-05-14,Queens,231.0,11.0
36085.0,2021-05-14,Richmond,78.0,4.0
36005.0,2021-05-15,Bronx,71.0,0.0
36047.0,2021-05-15,Kings,124.0,0.0
36061.0,2021-05-15,New York,104.0,0.0
36081.0,2021-05-15,Queens,94.0,0.0
36085.0,2021-05-15,Richmond,36.0,0.0
36005.0,2021-05-16,Bronx,175.0,3.0
36047.0,2021-05-16,Kings,285.0,12.0
36061.0,2021-05-16,New York,93.0,8.0
36081.0,2021-05-16,Queens,281.0,6.0
36085.0,2021-05-16,Richmond,94.0,3.0
36005.0,2021-05-17,Bronx,94.0,5.0
36047.0,2021-05-17,Kings,183.0,6.0
36061.0,2021-05-17,New York,56.0,2.0
36081.0,2021-05-17,Queens,179.0,9.0
36085.0,2021-05-17,Richmond,44.0,0.0
36005.0,2021-05-18,Bronx,117.0,7.0
36047.0,2021-05-18,Kings,250.0,5.0
36061.0,2021-05-18,New York,42.0,3.0
36081.0,2021-05-18,Queens,420.0,5.0
36085.0,2021-05-18,Richmond,70.0,4.0
36005.0,2021-05-19,Bronx,48.0,1.0
36047.0,2021-05-19,Kings,117.0,6.0
36061.0,2021-05-19,New York,60.0,3.0
36081.0,2021-05-19,Queens,115.0,4.0
36085.0,2021-05-19,Richmond,38.0,-1.0
36005.0,2021-05-20,Bronx,133.0,4.0
36047.0,2021-05-20,Kings,192.0,6.0
36061.0,2021-05-20,New York,92.0,1.0
36081.0,2021-05-20,Queens,167.0,3.0
36085.0,2021-05-20,Richmond,50.0,2.0
36005.0,2021-05-21,Bronx,115.0,4.0
36047.0,2021-05-21,Kings,206.0,9.0
36061.0,2021-05-21,New York,67.0,1.0
36081.0,2021-05-21,Queens,165.0,6.0
36085.0,2021-05-21,Richmond,56.0,0.0
36005.0,2021-05-22,Bronx,93.0,1.0
36047.0,2021-05-22,Kings,162.0,5.0
36061.0,2021-05-22,New York,74.0,3.0
36081.0,2021-05-22,Queens,126.0,4.0
36085.0,2021-05-22,Richmond,34.0,0.0
36005.0,2021-05-23,Bronx,70.0,1.0
36047.0,2021-05-23,Kings,148.0,8.0
36061.0,2021-05-23,New York,67.0,1.0
36081.0,2021-05-23,Queens,120.0,0.0
36085.0,2021-05-23,Richmond,32.0,2.0
36005.0,2021-05-24,Bronx,65.0,2.0
36047.0,2021-05-24,Kings,120.0,7.0
36061.0,2021-05-24,New York,45.0,2.0
36081.0,2021-05-24,Queens,101.0,5.0
36085.0,2021-05-24,Richmond,38.0,2.0
36005.0,2021-05-25,Bronx,74.0,3.0
36047.0,2021-05-25,Kings,186.0,3.0
36061.0,2021-05-25,New York,27.0,2.0
36081.0,2021-05-25,Queens,120.0,3.0
36085.0,2021-05-25,Richmond,35.0,1.0
36005.0,2021-05-26,Bronx,45.0,-1.0
36047.0,2021-05-26,Kings,120.0,5.0
36061.0,2021-05-26,New York,45.0,0.0
36081.0,2021-05-26,Queens,77.0,8.0
36085.0,2021-05-26,Richmond,21.0,1.0
36005.0,2021-05-27,Bronx,78.0,2.0
36047.0,2021-05-27,Kings,166.0,2.0
36061.0,2021-05-27,New York,65.0,1.0
36081.0,2021-05-27,Queens,144.0,7.0
36085.0,2021-05-27,Richmond,64.0,2.0
36005.0,2021-05-28,Bronx,84.0,4.0
36047.0,2021-05-28,Kings,103.0,3.0
36061.0,2021-05-28,New York,57.0,2.0
36081.0,2021-05-28,Queens,101.0,3.0
36085.0,2021-05-28,Richmond,43.0,1.0
36005.0,2021-05-29,Bronx,57.0,4.0
36047.0,2021-05-29,Kings,105.0,4.0
36061.0,2021-05-29,New York,58.0,2.0
36081.0,2021-05-29,Queens,104.0,3.0
36085.0,2021-05-29,Richmond,24.0,4.0
36005.0,2021-05-30,Bronx,69.0,0.0
36047.0,2021-05-30,Kings,85.0,5.0
36061.0,2021-05-30,New York,34.0,0.0
36081.0,2021-05-30,Queens,77.0,0.0
36085.0,2021-05-30,Richmond,30.0,3.0
36005.0,2021-05-31,Bronx,43.0,0.0
36047.0,2021-05-31,Kings,71.0,2.0
36061.0,2021-05-31,New York,32.0,2.0
36081.0,2021-05-31,Queens,71.0,1.0
36085.0,2021-05-31,Richmond,21.0,0.0
36005.0,2021-06-01,Bronx,44.0,2.0
36047.0,2021-06-01,Kings,73.0,1.0
36061.0,2021-06-01,New York,24.0,1.0
36081.0,2021-06-01,Queens,84.0,11.0
36085.0,2021-06-01,Richmond,24.0,2.0
36005.0,2021-06-02,Bronx,41.0,3.0
36047.0,2021-06-02,Kings,9.0,2.0
36061.0,2021-06-02,New York,20.0,1.0
36081.0,2021-06-02,Queens,49.0,-1.0
36085.0,2021-06-02,Richmond,17.0,0.0
36005.0,2021-06-03,Bronx,43.0,4.0
36047.0,2021-06-03,Kings,60.0,5.0
36061.0,2021-06-03,New York,32.0,3.0
36081.0,2021-06-03,Queens,55.0,3.0
36085.0,2021-06-03,Richmond,15.0,0.0
36005.0,2021-06-04,Bronx,84.0,0.0
36047.0,2021-06-04,Kings,78.0,16.0
36061.0,2021-06-04,New York,68.0,2.0
36081.0,2021-06-04,Queens,76.0,1.0
36085.0,2021-06-04,Richmond,36.0,0.0
36005.0,2021-06-05,Bronx,98.0,0.0
36047.0,2021-06-05,Kings,89.0,3.0
36061.0,2021-06-05,New York,43.0,4.0
36081.0,2021-06-05,Queens,94.0,2.0
36085.0,2021-06-05,Richmond,26.0,0.0
36005.0,2021-06-06,Bronx,37.0,1.0
36047.0,2021-06-06,Kings,59.0,9.0
36061.0,2021-06-06,New York,34.0,2.0
36081.0,2021-06-06,Queens,46.0,4.0
36085.0,2021-06-06,Richmond,18.0,2.0
36005.0,2021-06-07,Bronx,71.0,0.0
36047.0,2021-06-07,Kings,60.0,2.0
36061.0,2021-06-07,New York,27.0,0.0
36081.0,2021-06-07,Queens,44.0,2.0
36085.0,2021-06-07,Richmond,21.0,0.0
36005.0,2021-06-08,Bronx,70.0,2.0
36047.0,2021-06-08,Kings,59.0,4.0
36061.0,2021-06-08,New York,37.0,4.0
36081.0,2021-06-08,Queens,60.0,1.0
36085.0,2021-06-08,Richmond,15.0,1.0
36005.0,2021-06-09,Bronx,52.0,-1.0
36047.0,2021-06-09,Kings,45.0,0.0
36061.0,2021-06-09,New York,33.0,1.0
36081.0,2021-06-09,Queens,68.0,3.0
36085.0,2021-06-09,Richmond,23.0,1.0
36005.0,2021-06-10,Bronx,89.0,4.0
36047.0,2021-06-10,Kings,92.0,2.0
36061.0,2021-06-10,New York,32.0,-2.0
36081.0,2021-06-10,Queens,49.0,4.0
36085.0,2021-06-10,Richmond,17.0,0.0
36005.0,2021-06-11,Bronx,103.0,1.0
36047.0,2021-06-11,Kings,133.0,4.0
36061.0,2021-06-11,New York,35.0,1.0
36081.0,2021-06-11,Queens,104.0,7.0
36085.0,2021-06-11,Richmond,41.0,0.0
36005.0,2021-06-12,Bronx,55.0,1.0
36047.0,2021-06-12,Kings,29.0,3.0
36061.0,2021-06-12,New York,50.0,1.0
36081.0,2021-06-12,Queens,21.0,4.0
36085.0,2021-06-12,Richmond,13.0,1.0
36005.0,2021-06-13,Bronx,34.0,0.0
36047.0,2021-06-13,Kings,45.0,2.0
36061.0,2021-06-13,New York,35.0,1.0
36081.0,2021-06-13,Queens,36.0,2.0
36085.0,2021-06-13,Richmond,13.0,1.0
36005.0,2021-06-14,Bronx,45.0,2.0
36047.0,2021-06-14,Kings,50.0,2.0
36061.0,2021-06-14,New York,32.0,0.0
36081.0,2021-06-14,Queens,57.0,0.0
36085.0,2021-06-14,Richmond,16.0,0.0
36005.0,2021-06-15,Bronx,48.0,1.0
36047.0,2021-06-15,Kings,31.0,2.0
36061.0,2021-06-15,New York,28.0,1.0
36081.0,2021-06-15,Queens,56.0,3.0
36085.0,2021-06-15,Richmond,17.0,0.0
36005.0,2021-06-16,Bronx,43.0,-3.0
36047.0,2021-06-16,Kings,13.0,1.0
36061.0,2021-06-16,New York,27.0,1.0
36081.0,2021-06-16,Queens,39.0,1.0
36085.0,2021-06-16,Richmond,14.0,0.0
36005.0,2021-06-17,Bronx,53.0,-1.0
36047.0,2021-06-17,Kings,63.0,3.0
36061.0,2021-06-17,New York,38.0,2.0
36081.0,2021-06-17,Queens,50.0,3.0
36085.0,2021-06-17,Richmond,17.0,0.0
36005.0,2021-06-18,Bronx,63.0,-2.0
36047.0,2021-06-18,Kings,64.0,4.0
36061.0,2021-06-18,New York,30.0,2.0
36081.0,2021-06-18,Queens,62.0,0.0
36085.0,2021-06-18,Richmond,22.0,-1.0
36005.0,2021-06-19,Bronx,31.0,0.0
36047.0,2021-06-19,Kings,60.0,-3.0
36061.0,2021-06-19,New York,37.0,3.0
36081.0,2021-06-19,Queens,43.0,4.0
36085.0,2021-06-19,Richmond,29.0,0.0
36005.0,2021-06-20,Bronx,34.0,1.0
36047.0,2021-06-20,Kings,55.0,1.0
36061.0,2021-06-20,New York,25.0,0.0
36081.0,2021-06-20,Queens,53.0,-1.0
36085.0,2021-06-20,Richmond,20.0,0.0
36005.0,2021-06-21,Bronx,23.0,0.0
36047.0,2021-06-21,Kings,56.0,0.0
36061.0,2021-06-21,New York,21.0,0.0
36081.0,2021-06-21,Queens,41.0,1.0
36085.0,2021-06-21,Richmond,33.0,2.0
36005.0,2021-06-22,Bronx,17.0,-1.0
36047.0,2021-06-22,Kings,35.0,3.0
36061.0,2021-06-22,New York,21.0,-2.0
36081.0,2021-06-22,Queens,32.0,3.0
36085.0,2021-06-22,Richmond,20.0,1.0
36005.0,2021-06-23,Bronx,18.0,-1.0
36047.0,2021-06-23,Kings,34.0,0.0
36061.0,2021-06-23,New York,27.0,1.0
36081.0,2021-06-23,Queens,35.0,-1.0
36085.0,2021-06-23,Richmond,14.0,1.0
36005.0,2021-06-24,Bronx,42.0,0.0
36047.0,2021-06-24,Kings,66.0,2.0
36061.0,2021-06-24,New York,30.0,1.0
36081.0,2021-06-24,Queens,58.0,0.0
36085.0,2021-06-24,Richmond,37.0,-1.0
36005.0,2021-06-25,Bronx,32.0,1.0
36047.0,2021-06-25,Kings,62.0,0.0
36061.0,2021-06-25,New York,38.0,2.0
36081.0,2021-06-25,Queens,56.0,2.0
36085.0,2021-06-25,Richmond,26.0,1.0
36005.0,2021-06-26,Bronx,33.0,-2.0
36047.0,2021-06-26,Kings,49.0,5.0
36061.0,2021-06-26,New York,43.0,1.0
36081.0,2021-06-26,Queens,37.0,4.0
36085.0,2021-06-26,Richmond,26.0,0.0
