date,fips,county,cases
2020-02-29,36005,Bronx,0.0
2020-03-01,36005,Bronx,0.0
2020-03-02,36005,Bronx,0.0
2020-03-03,36005,Bronx,0.0
2020-03-04,36005,Bronx,0.0
2020-03-05,36005,Bronx,0.0
2020-03-06,36005,Bronx,2.0
2020-03-07,36005,Bronx,2.0
2020-03-08,36005,Bronx,5.0
2020-03-09,36005,Bronx,9.0
2020-03-10,36005,Bronx,17.0
2020-03-11,36005,Bronx,36.0
2020-03-12,36005,Bronx,65.0
2020-03-13,36005,Bronx,144.0
2020-03-14,36005,Bronx,230.0
2020-03-15,36005,Bronx,349.0
2020-03-16,36005,Bronx,654.0
2020-03-17,36005,Bronx,997.0
2020-03-18,36005,Bronx,1479.0
2020-03-19,36005,Bronx,2102.0
2020-03-20,36005,Bronx,2825.0
2020-03-21,36005,Bronx,3315.0
2020-03-22,36005,Bronx,3809.0
2020-03-23,36005,Bronx,4539.0
2020-03-24,36005,Bronx,5466.0
2020-03-25,36005,Bronx,6533.0
2020-03-26,36005,Bronx,7532.0
2020-03-27,36005,Bronx,8622.0
2020-03-28,36005,Bronx,9384.0
2020-03-29,36005,Bronx,10084.0
2020-03-30,36005,Bronx,11397.0
2020-03-31,36005,Bronx,12679.0
2020-04-01,36005,Bronx,13919.0
2020-04-02,36005,Bronx,15210.0
2020-04-03,36005,Bronx,16660.0
2020-04-04,36005,Bronx,17671.0
2020-04-05,36005,Bronx,18494.0
2020-04-06,36005,Bronx,20008.0
2020-04-07,36005,Bronx,21472.0
2020-04-08,36005,Bronx,22777.0
2020-04-09,36005,Bronx,24060.0
2020-04-10,36005,Bronx,25288.0
2020-04-11,36005,Bronx,26286.0
2020-04-12,36005,Bronx,27049.0
2020-04-13,36005,Bronx,27742.0
2020-04-14,36005,Bronx,28818.0
2020-04-15,36005,Bronx,29887.0
2020-04-16,36005,Bronx,30827.0
2020-04-17,36005,Bronx,31744.0
2020-04-18,36005,Bronx,32296.0
2020-04-19,36005,Bronx,32828.0
2020-04-20,36005,Bronx,33809.0
2020-04-21,36005,Bronx,34450.0
2020-04-22,36005,Bronx,35377.0
2020-04-23,36005,Bronx,36111.0
2020-04-24,36005,Bronx,36691.0
2020-04-25,36005,Bronx,37108.0
2020-04-26,36005,Bronx,37304.0
2020-04-27,36005,Bronx,37854.0
2020-04-28,36005,Bronx,38523.0
2020-04-29,36005,Bronx,39080.0
2020-04-30,36005,Bronx,39562.0
2020-05-01,36005,Bronx,40011.0
2020-05-02,36005,Bronx,40274.0
2020-05-03,36005,Bronx,40427.0
2020-05-04,36005,Bronx,40776.0
2020-05-05,36005,Bronx,41070.0
2020-05-06,36005,Bronx,41349.0
2020-05-07,36005,Bronx,41647.0
2020-05-08,36005,Bronx,41899.0
2020-05-09,36005,Bronx,42074.0
2020-05-10,36005,Bronx,42149.0
2020-05-11,36005,Bronx,42375.0
2020-05-12,36005,Bronx,42730.0
2020-05-13,36005,Bronx,43191.0
2020-05-14,36005,Bronx,43447.0
2020-05-15,36005,Bronx,43627.0
2020-05-16,36005,Bronx,43735.0
2020-05-17,36005,Bronx,43791.0
2020-05-18,36005,Bronx,43978.0
2020-05-19,36005,Bronx,44159.0
2020-05-20,36005,Bronx,44437.0
2020-05-21,36005,Bronx,44636.0
2020-05-22,36005,Bronx,44900.0
2020-05-23,36005,Bronx,44990.0
2020-05-24,36005,Bronx,45091.0
2020-05-25,36005,Bronx,45194.0
2020-05-26,36005,Bronx,45478.0
2020-05-27,36005,Bronx,45660.0
2020-05-28,36005,Bronx,45778.0
2020-05-29,36005,Bronx,45943.0
2020-05-30,36005,Bronx,46023.0
2020-05-31,36005,Bronx,46053.0
2020-06-01,36005,Bronx,46211.0
2020-06-02,36005,Bronx,46332.0
2020-06-03,36005,Bronx,46445.0
2020-06-04,36005,Bronx,46571.0
2020-06-05,36005,Bronx,46679.0
2020-06-06,36005,Bronx,46729.0
2020-06-07,36005,Bronx,46772.0
2020-06-08,36005,Bronx,46869.0
2020-06-09,36005,Bronx,46953.0
2020-06-10,36005,Bronx,47029.0
2020-06-11,36005,Bronx,47094.0
2020-06-12,36005,Bronx,47174.0
2020-06-13,36005,Bronx,47220.0
2020-06-14,36005,Bronx,47247.0
2020-06-15,36005,Bronx,47327.0
2020-06-16,36005,Bronx,47407.0
2020-06-17,36005,Bronx,47475.0
2020-06-18,36005,Bronx,47535.0
2020-06-19,36005,Bronx,47618.0
2020-06-20,36005,Bronx,47671.0
2020-06-21,36005,Bronx,47696.0
2020-06-22,36005,Bronx,47788.0
2020-06-23,36005,Bronx,47861.0
2020-06-24,36005,Bronx,47951.0
2020-06-25,36005,Bronx,48015.0
2020-06-26,36005,Bronx,48081.0
2020-06-27,36005,Bronx,48108.0
2020-06-28,36005,Bronx,48143.0
2020-06-29,36005,Bronx,48218.0
2020-06-30,36005,Bronx,48295.0
2020-07-01,36005,Bronx,48357.0
2020-07-02,36005,Bronx,48430.0
2020-07-03,36005,Bronx,48471.0
2020-07-04,36005,Bronx,48492.0
2020-07-05,36005,Bronx,48511.0
2020-07-06,36005,Bronx,48578.0
2020-07-07,36005,Bronx,48690.0
2020-07-08,36005,Bronx,48773.0
2020-07-09,36005,Bronx,48863.0
2020-07-10,36005,Bronx,48928.0
2020-07-11,36005,Bronx,48968.0
2020-07-12,36005,Bronx,49012.0
2020-07-13,36005,Bronx,49120.0
2020-07-14,36005,Bronx,49190.0
2020-07-15,36005,Bronx,49297.0
2020-07-16,36005,Bronx,49391.0
2020-07-17,36005,Bronx,49466.0
2020-07-18,36005,Bronx,49520.0
2020-07-19,36005,Bronx,49558.0
2020-07-20,36005,Bronx,49653.0
2020-07-21,36005,Bronx,49724.0
2020-07-22,36005,Bronx,49803.0
2020-07-23,36005,Bronx,49872.0
2020-07-24,36005,Bronx,49945.0
2020-07-25,36005,Bronx,49970.0
2020-07-26,36005,Bronx,50000.0
2020-07-27,36005,Bronx,50058.0
2020-07-28,36005,Bronx,50116.0
2020-07-29,36005,Bronx,50196.0
2020-07-30,36005,Bronx,50254.0
2020-07-31,36005,Bronx,50309.0
2020-08-01,36005,Bronx,50346.0
2020-08-02,36005,Bronx,50376.0
2020-08-03,36005,Bronx,50472.0
2020-08-04,36005,Bronx,50519.0
2020-08-05,36005,Bronx,50584.0
2020-08-06,36005,Bronx,50649.0
2020-08-07,36005,Bronx,50702.0
2020-08-08,36005,Bronx,50732.0
2020-08-09,36005,Bronx,50751.0
2020-08-10,36005,Bronx,50840.0
2020-08-11,36005,Bronx,50910.0
2020-08-12,36005,Bronx,50969.0
2020-08-13,36005,Bronx,51028.0
2020-08-14,36005,Bronx,51096.0
2020-08-15,36005,Bronx,51138.0
2020-08-16,36005,Bronx,51161.0
2020-08-17,36005,Bronx,51232.0
2020-08-18,36005,Bronx,51287.0
2020-08-19,36005,Bronx,51337.0
2020-08-20,36005,Bronx,51400.0
2020-08-21,36005,Bronx,51452.0
2020-08-22,36005,Bronx,51481.0
2020-08-23,36005,Bronx,51513.0
2020-08-24,36005,Bronx,51577.0
2020-08-25,36005,Bronx,51641.0
2020-08-26,36005,Bronx,51705.0
2020-08-27,36005,Bronx,51757.0
2020-08-28,36005,Bronx,51834.0
2020-08-29,36005,Bronx,51862.0
2020-08-30,36005,Bronx,51882.0
2020-08-31,36005,Bronx,53123.0
2020-09-01,36005,Bronx,53159.0
2020-09-02,36005,Bronx,53185.0
2020-09-03,36005,Bronx,53237.0
2020-09-04,36005,Bronx,53300.0
2020-09-05,36005,Bronx,53350.0
2020-09-06,36005,Bronx,53395.0
2020-09-07,36005,Bronx,53441.0
2020-09-08,36005,Bronx,53474.0
2020-09-09,36005,Bronx,53496.0
2020-09-10,36005,Bronx,53532.0
2020-09-11,36005,Bronx,53618.0
2020-09-12,36005,Bronx,53680.0
2020-09-13,36005,Bronx,53729.0
2020-09-14,36005,Bronx,53792.0
2020-09-15,36005,Bronx,53835.0
2020-09-16,36005,Bronx,53856.0
2020-09-17,36005,Bronx,53937.0
2020-09-18,36005,Bronx,54000.0
2020-09-19,36005,Bronx,54057.0
2020-09-20,36005,Bronx,54122.0
2020-09-21,36005,Bronx,54174.0
2020-09-22,36005,Bronx,54208.0
2020-09-23,36005,Bronx,54235.0
2020-09-24,36005,Bronx,54316.0
2020-09-25,36005,Bronx,54386.0
2020-09-26,36005,Bronx,54477.0
2020-09-27,36005,Bronx,54545.0
2020-09-28,36005,Bronx,54602.0
2020-09-29,36005,Bronx,54654.0
2020-09-30,36005,Bronx,54691.0
2020-10-01,36005,Bronx,54783.0
2020-10-02,36005,Bronx,54857.0
2020-10-03,36005,Bronx,54919.0
2020-10-04,36005,Bronx,54997.0
2020-10-05,36005,Bronx,55087.0
2020-10-06,36005,Bronx,55126.0
2020-10-07,36005,Bronx,55172.0
2020-10-08,36005,Bronx,55281.0
2020-10-09,36005,Bronx,55359.0
2020-10-10,36005,Bronx,55446.0
2020-10-11,36005,Bronx,55537.0
2020-10-12,36005,Bronx,55638.0
2020-10-13,36005,Bronx,55683.0
2020-10-14,36005,Bronx,55729.0
2020-10-15,36005,Bronx,55799.0
2020-10-16,36005,Bronx,55921.0
2020-10-17,36005,Bronx,56030.0
2020-10-18,36005,Bronx,56150.0
2020-10-19,36005,Bronx,56248.0
2020-10-20,36005,Bronx,56327.0
2020-10-21,36005,Bronx,56384.0
2020-10-22,36005,Bronx,56517.0
2020-10-23,36005,Bronx,56634.0
2020-10-24,36005,Bronx,56757.0
2020-10-25,36005,Bronx,56894.0
2020-10-26,36005,Bronx,57035.0
2020-10-27,36005,Bronx,57133.0
2020-10-28,36005,Bronx,57225.0
2020-10-29,36005,Bronx,57392.0
2020-10-30,36005,Bronx,57547.0
2020-10-31,36005,Bronx,57700.0
2020-11-01,36005,Bronx,57835.0
2020-11-02,36005,Bronx,57991.0
2020-11-03,36005,Bronx,58091.0
2020-11-04,36005,Bronx,58204.0
2020-11-05,36005,Bronx,58431.0
2020-11-06,36005,Bronx,58622.0
2020-11-07,36005,Bronx,58869.0
2020-11-08,36005,Bronx,59119.0
2020-11-09,36005,Bronx,59372.0
2020-11-10,36005,Bronx,59561.0
2020-11-11,36005,Bronx,59734.0
2020-11-12,36005,Bronx,60047.0
2020-11-13,36005,Bronx,60391.0
2020-11-14,36005,Bronx,60705.0
2020-11-15,36005,Bronx,61034.0
2020-11-16,36005,Bronx,61387.0
2020-11-17,36005,Bronx,61663.0
2020-11-18,36005,Bronx,61866.0
2020-11-19,36005,Bronx,62256.0
2020-11-20,36005,Bronx,62677.0
2020-11-21,36005,Bronx,63078.0
2020-11-22,36005,Bronx,63534.0
2020-11-23,36005,Bronx,63972.0
2020-11-24,36005,Bronx,64317.0
2020-11-25,36005,Bronx,64578.0
2020-11-26,36005,Bronx,65116.0
2020-11-27,36005,Bronx,65586.0
2020-11-28,36005,Bronx,66103.0
2020-11-29,36005,Bronx,66301.0
2020-11-30,36005,Bronx,66831.0
2020-12-01,36005,Bronx,67292.0
2020-12-02,36005,Bronx,67643.0
2020-12-03,36005,Bronx,68241.0
2020-12-04,36005,Bronx,68993.0
2020-12-05,36005,Bronx,69656.0
2020-12-06,36005,Bronx,70334.0
2020-12-07,36005,Bronx,71020.0
2020-12-08,36005,Bronx,71455.0
2020-12-09,36005,Bronx,71811.0
2020-12-10,36005,Bronx,72541.0
2020-12-11,36005,Bronx,73193.0
2020-12-12,36005,Bronx,73891.0
2020-12-13,36005,Bronx,74602.0
2020-12-14,36005,Bronx,75209.0
2020-12-15,36005,Bronx,75685.0
2020-12-16,36005,Bronx,76112.0
2020-12-17,36005,Bronx,76862.0
2020-12-18,36005,Bronx,77651.0
2020-12-19,36005,Bronx,78213.0
2020-12-20,36005,Bronx,78599.0
2020-12-21,36005,Bronx,79347.0
2020-12-22,36005,Bronx,79842.0
2020-12-23,36005,Bronx,80252.0
2020-12-24,36005,Bronx,81074.0
2020-12-25,36005,Bronx,81937.0
2020-12-26,36005,Bronx,82666.0
2020-12-27,36005,Bronx,83185.0
2020-12-28,36005,Bronx,83382.0
2020-12-29,36005,Bronx,83891.0
2020-02-29,36047,Kings,0.0
2020-03-01,36047,Kings,0.0
2020-03-02,36047,Kings,0.0
2020-03-03,36047,Kings,0.0
2020-03-04,36047,Kings,1.0
2020-03-05,36047,Kings,4.0
2020-03-06,36047,Kings,5.0
2020-03-07,36047,Kings,7.0
2020-03-08,36047,Kings,12.0
2020-03-09,36047,Kings,28.0
2020-03-10,36047,Kings,39.0
2020-03-11,36047,Kings,70.0
2020-03-12,36047,Kings,166.0
2020-03-13,36047,Kings,332.0
2020-03-14,36047,Kings,495.0
2020-03-15,36047,Kings,928.0
2020-03-16,36047,Kings,1668.0
2020-03-17,36047,Kings,2451.0
2020-03-18,36047,Kings,3417.0
2020-03-19,36047,Kings,4621.0
2020-03-20,36047,Kings,5758.0
2020-03-21,36047,Kings,6312.0
2020-03-22,36047,Kings,7067.0
2020-03-23,36047,Kings,7977.0
2020-03-24,36047,Kings,9188.0
2020-03-25,36047,Kings,10442.0
2020-03-26,36047,Kings,11816.0
2020-03-27,36047,Kings,13239.0
2020-03-28,36047,Kings,14103.0
2020-03-29,36047,Kings,15252.0
2020-03-30,36047,Kings,17006.0
2020-03-31,36047,Kings,18520.0
2020-04-01,36047,Kings,20109.0
2020-04-02,36047,Kings,21722.0
2020-04-03,36047,Kings,23163.0
2020-04-04,36047,Kings,24085.0
2020-04-05,36047,Kings,25226.0
2020-04-06,36047,Kings,26688.0
2020-04-07,36047,Kings,28084.0
2020-04-08,36047,Kings,29394.0
2020-04-09,36047,Kings,30763.0
2020-04-10,36047,Kings,31916.0
2020-04-11,36047,Kings,33045.0
2020-04-12,36047,Kings,33747.0
2020-04-13,36047,Kings,34812.0
2020-04-14,36047,Kings,35847.0
2020-04-15,36047,Kings,36729.0
2020-04-16,36047,Kings,37613.0
2020-04-17,36047,Kings,38573.0
2020-04-18,36047,Kings,39148.0
2020-04-19,36047,Kings,39783.0
2020-04-20,36047,Kings,40766.0
2020-04-21,36047,Kings,41662.0
2020-04-22,36047,Kings,42516.0
2020-04-23,36047,Kings,43302.0
2020-04-24,36047,Kings,43931.0
2020-04-25,36047,Kings,44336.0
2020-04-26,36047,Kings,44668.0
2020-04-27,36047,Kings,45276.0
2020-04-28,36047,Kings,45987.0
2020-04-29,36047,Kings,46668.0
2020-04-30,36047,Kings,47268.0
2020-05-01,36047,Kings,47765.0
2020-05-02,36047,Kings,48028.0
2020-05-03,36047,Kings,48275.0
2020-05-04,36047,Kings,48737.0
2020-05-05,36047,Kings,49170.0
2020-05-06,36047,Kings,49620.0
2020-05-07,36047,Kings,50023.0
2020-05-08,36047,Kings,50367.0
2020-05-09,36047,Kings,50486.0
2020-05-10,36047,Kings,50674.0
2020-05-11,36047,Kings,51084.0
2020-05-12,36047,Kings,51484.0
2020-05-13,36047,Kings,51846.0
2020-05-14,36047,Kings,52180.0
2020-05-15,36047,Kings,52439.0
2020-05-16,36047,Kings,52604.0
2020-05-17,36047,Kings,52741.0
2020-05-18,36047,Kings,53007.0
2020-05-19,36047,Kings,53335.0
2020-05-20,36047,Kings,53658.0
2020-05-21,36047,Kings,53994.0
2020-05-22,36047,Kings,54345.0
2020-05-23,36047,Kings,54488.0
2020-05-24,36047,Kings,54649.0
2020-05-25,36047,Kings,54809.0
2020-05-26,36047,Kings,55128.0
2020-05-27,36047,Kings,55374.0
2020-05-28,36047,Kings,55595.0
2020-05-29,36047,Kings,55762.0
2020-05-30,36047,Kings,55867.0
2020-05-31,36047,Kings,55951.0
2020-06-01,36047,Kings,56203.0
2020-06-02,36047,Kings,56388.0
2020-06-03,36047,Kings,56521.0
2020-06-04,36047,Kings,56652.0
2020-06-05,36047,Kings,56784.0
2020-06-06,36047,Kings,56843.0
2020-06-07,36047,Kings,56895.0
2020-06-08,36047,Kings,57007.0
2020-06-09,36047,Kings,57128.0
2020-06-10,36047,Kings,57225.0
2020-06-11,36047,Kings,57338.0
2020-06-12,36047,Kings,57461.0
2020-06-13,36047,Kings,57513.0
2020-06-14,36047,Kings,57566.0
2020-06-15,36047,Kings,57668.0
2020-06-16,36047,Kings,57801.0
2020-06-17,36047,Kings,57914.0
2020-06-18,36047,Kings,58026.0
2020-06-19,36047,Kings,58117.0
2020-06-20,36047,Kings,58163.0
2020-06-21,36047,Kings,58217.0
2020-06-22,36047,Kings,58327.0
2020-06-23,36047,Kings,58422.0
2020-06-24,36047,Kings,58523.0
2020-06-25,36047,Kings,58605.0
2020-06-26,36047,Kings,58699.0
2020-06-27,36047,Kings,58769.0
2020-06-28,36047,Kings,58827.0
2020-06-29,36047,Kings,58954.0
2020-06-30,36047,Kings,59082.0
2020-07-01,36047,Kings,59202.0
2020-07-02,36047,Kings,59329.0
2020-07-03,36047,Kings,59401.0
2020-07-04,36047,Kings,59424.0
2020-07-05,36047,Kings,59477.0
2020-07-06,36047,Kings,59619.0
2020-07-07,36047,Kings,59742.0
2020-07-08,36047,Kings,59863.0
2020-07-09,36047,Kings,59967.0
2020-07-10,36047,Kings,60057.0
2020-07-11,36047,Kings,60130.0
2020-07-12,36047,Kings,60185.0
2020-07-13,36047,Kings,60308.0
2020-07-14,36047,Kings,60419.0
2020-07-15,36047,Kings,60568.0
2020-07-16,36047,Kings,60659.0
2020-07-17,36047,Kings,60764.0
2020-07-18,36047,Kings,60822.0
2020-07-19,36047,Kings,60862.0
2020-07-20,36047,Kings,60947.0
2020-07-21,36047,Kings,61026.0
2020-07-22,36047,Kings,61122.0
2020-07-23,36047,Kings,61206.0
2020-07-24,36047,Kings,61274.0
2020-07-25,36047,Kings,61309.0
2020-07-26,36047,Kings,61349.0
2020-07-27,36047,Kings,61428.0
2020-07-28,36047,Kings,61534.0
2020-07-29,36047,Kings,61607.0
2020-07-30,36047,Kings,61705.0
2020-07-31,36047,Kings,61784.0
2020-08-01,36047,Kings,61842.0
2020-08-02,36047,Kings,61883.0
2020-08-03,36047,Kings,61976.0
2020-08-04,36047,Kings,62025.0
2020-08-05,36047,Kings,62117.0
2020-08-06,36047,Kings,62204.0
2020-08-07,36047,Kings,62294.0
2020-08-08,36047,Kings,62352.0
2020-08-09,36047,Kings,62400.0
2020-08-10,36047,Kings,62474.0
2020-08-11,36047,Kings,62556.0
2020-08-12,36047,Kings,62670.0
2020-08-13,36047,Kings,62757.0
2020-08-14,36047,Kings,62837.0
2020-08-15,36047,Kings,62870.0
2020-08-16,36047,Kings,62919.0
2020-08-17,36047,Kings,63014.0
2020-08-18,36047,Kings,63081.0
2020-08-19,36047,Kings,63150.0
2020-08-20,36047,Kings,63205.0
2020-08-21,36047,Kings,63280.0
2020-08-22,36047,Kings,63316.0
2020-08-23,36047,Kings,63371.0
2020-08-24,36047,Kings,63456.0
2020-08-25,36047,Kings,63540.0
2020-08-26,36047,Kings,63656.0
2020-08-27,36047,Kings,63755.0
2020-08-28,36047,Kings,63833.0
2020-08-29,36047,Kings,63871.0
2020-08-30,36047,Kings,63931.0
2020-08-31,36047,Kings,65927.0
2020-09-01,36047,Kings,65975.0
2020-09-02,36047,Kings,66046.0
2020-09-03,36047,Kings,66170.0
2020-09-04,36047,Kings,66278.0
2020-09-05,36047,Kings,66383.0
2020-09-06,36047,Kings,66479.0
2020-09-07,36047,Kings,66558.0
2020-09-08,36047,Kings,66609.0
2020-09-09,36047,Kings,66703.0
2020-09-10,36047,Kings,66783.0
2020-09-11,36047,Kings,66914.0
2020-09-12,36047,Kings,67041.0
2020-09-13,36047,Kings,67174.0
2020-09-14,36047,Kings,67292.0
2020-09-15,36047,Kings,67352.0
2020-09-16,36047,Kings,67479.0
2020-09-17,36047,Kings,67655.0
2020-09-18,36047,Kings,67830.0
2020-09-19,36047,Kings,68005.0
2020-09-20,36047,Kings,68141.0
2020-09-21,36047,Kings,68259.0
2020-09-22,36047,Kings,68300.0
2020-09-23,36047,Kings,68371.0
2020-09-24,36047,Kings,68646.0
2020-09-25,36047,Kings,68846.0
2020-09-26,36047,Kings,69122.0
2020-09-27,36047,Kings,69400.0
2020-09-28,36047,Kings,69613.0
2020-09-29,36047,Kings,69729.0
2020-09-30,36047,Kings,69928.0
2020-10-01,36047,Kings,70082.0
2020-10-02,36047,Kings,70453.0
2020-10-03,36047,Kings,70767.0
2020-10-04,36047,Kings,71106.0
2020-10-05,36047,Kings,71408.0
2020-10-06,36047,Kings,71507.0
2020-10-07,36047,Kings,71694.0
2020-10-08,36047,Kings,72154.0
2020-10-09,36047,Kings,72435.0
2020-10-10,36047,Kings,72692.0
2020-10-11,36047,Kings,72950.0
2020-10-12,36047,Kings,73170.0
2020-10-13,36047,Kings,73275.0
2020-10-14,36047,Kings,73406.0
2020-10-15,36047,Kings,73657.0
2020-10-16,36047,Kings,73905.0
2020-10-17,36047,Kings,74171.0
2020-10-18,36047,Kings,74449.0
2020-10-19,36047,Kings,74653.0
2020-10-20,36047,Kings,74787.0
2020-10-21,36047,Kings,75001.0
2020-10-22,36047,Kings,75256.0
2020-10-23,36047,Kings,75521.0
2020-10-24,36047,Kings,75773.0
2020-10-25,36047,Kings,76076.0
2020-10-26,36047,Kings,76323.0
2020-10-27,36047,Kings,76480.0
2020-10-28,36047,Kings,76656.0
2020-10-29,36047,Kings,76925.0
2020-10-30,36047,Kings,77240.0
2020-10-31,36047,Kings,77531.0
2020-11-01,36047,Kings,77772.0
2020-11-02,36047,Kings,78017.0
2020-11-03,36047,Kings,78168.0
2020-11-04,36047,Kings,78464.0
2020-11-05,36047,Kings,78878.0
2020-11-06,36047,Kings,79277.0
2020-11-07,36047,Kings,79676.0
2020-11-08,36047,Kings,80105.0
2020-11-09,36047,Kings,80472.0
2020-11-10,36047,Kings,80782.0
2020-11-11,36047,Kings,81097.0
2020-11-12,36047,Kings,81661.0
2020-11-13,36047,Kings,82243.0
2020-11-14,36047,Kings,82751.0
2020-11-15,36047,Kings,83264.0
2020-11-16,36047,Kings,83728.0
2020-11-17,36047,Kings,84060.0
2020-11-18,36047,Kings,84406.0
2020-11-19,36047,Kings,85050.0
2020-11-20,36047,Kings,85693.0
2020-11-21,36047,Kings,86319.0
2020-11-22,36047,Kings,86959.0
2020-11-23,36047,Kings,87524.0
2020-11-24,36047,Kings,87958.0
2020-11-25,36047,Kings,88415.0
2020-11-26,36047,Kings,89153.0
2020-11-27,36047,Kings,89870.0
2020-11-28,36047,Kings,90649.0
2020-11-29,36047,Kings,90997.0
2020-11-30,36047,Kings,91796.0
2020-12-01,36047,Kings,92389.0
2020-12-02,36047,Kings,93071.0
2020-12-03,36047,Kings,94131.0
2020-12-04,36047,Kings,95258.0
2020-12-05,36047,Kings,96276.0
2020-12-06,36047,Kings,97315.0
2020-12-07,36047,Kings,98270.0
2020-12-08,36047,Kings,98960.0
2020-12-09,36047,Kings,99704.0
2020-12-10,36047,Kings,100930.0
2020-12-11,36047,Kings,102058.0
2020-12-12,36047,Kings,103198.0
2020-12-13,36047,Kings,104372.0
2020-12-14,36047,Kings,105405.0
2020-12-15,36047,Kings,106137.0
2020-12-16,36047,Kings,106999.0
2020-12-17,36047,Kings,108357.0
2020-12-18,36047,Kings,109617.0
2020-12-19,36047,Kings,110670.0
2020-12-20,36047,Kings,111485.0
2020-12-21,36047,Kings,112687.0
2020-12-22,36047,Kings,113617.0
2020-12-23,36047,Kings,114568.0
2020-12-24,36047,Kings,116111.0
2020-12-25,36047,Kings,117557.0
2020-12-26,36047,Kings,118826.0
2020-12-27,36047,Kings,119848.0
2020-12-28,36047,Kings,120283.0
2020-12-29,36047,Kings,121199.0
2020-02-29,36061,New York,1.0
2020-03-01,36061,New York,1.0
2020-03-02,36061,New York,1.0
2020-03-03,36061,New York,1.0
2020-03-04,36061,New York,3.0
2020-03-05,36061,New York,3.0
2020-03-06,36061,New York,6.0
2020-03-07,36061,New York,7.0
2020-03-08,36061,New York,13.0
2020-03-09,36061,New York,37.0
2020-03-10,36061,New York,61.0
2020-03-11,36061,New York,123.0
2020-03-12,36061,New York,260.0
2020-03-13,36061,New York,442.0
2020-03-14,36061,New York,618.0
2020-03-15,36061,New York,824.0
2020-03-16,36061,New York,1281.0
2020-03-17,36061,New York,1848.0
2020-03-18,36061,New York,2386.0
2020-03-19,36061,New York,2942.0
2020-03-20,36061,New York,3595.0
2020-03-21,36061,New York,3993.0
2020-03-22,36061,New York,4310.0
2020-03-23,36061,New York,4842.0
2020-03-24,36061,New York,5462.0
2020-03-25,36061,New York,6049.0
2020-03-26,36061,New York,6677.0
2020-03-27,36061,New York,7333.0
2020-03-28,36061,New York,7721.0
2020-03-29,36061,New York,8128.0
2020-03-30,36061,New York,8935.0
2020-03-31,36061,New York,9552.0
2020-04-01,36061,New York,10125.0
2020-04-02,36061,New York,10777.0
2020-04-03,36061,New York,11449.0
2020-04-04,36061,New York,11833.0
2020-04-05,36061,New York,12191.0
2020-04-06,36061,New York,12913.0
2020-04-07,36061,New York,13518.0
2020-04-08,36061,New York,14065.0
2020-04-09,36061,New York,14625.0
2020-04-10,36061,New York,15122.0
2020-04-11,36061,New York,15425.0
2020-04-12,36061,New York,15677.0
2020-04-13,36061,New York,16070.0
2020-04-14,36061,New York,16511.0
2020-04-15,36061,New York,16940.0
2020-04-16,36061,New York,17296.0
2020-04-17,36061,New York,17626.0
2020-04-18,36061,New York,17813.0
2020-04-19,36061,New York,17990.0
2020-04-20,36061,New York,18371.0
2020-04-21,36061,New York,18744.0
2020-04-22,36061,New York,19127.0
2020-04-23,36061,New York,19528.0
2020-04-24,36061,New York,19936.0
2020-04-25,36061,New York,20082.0
2020-04-26,36061,New York,20180.0
2020-04-27,36061,New York,20483.0
2020-04-28,36061,New York,20805.0
2020-04-29,36061,New York,21092.0
2020-04-30,36061,New York,21309.0
2020-05-01,36061,New York,21552.0
2020-05-02,36061,New York,21690.0
2020-05-03,36061,New York,21793.0
2020-05-04,36061,New York,22007.0
2020-05-05,36061,New York,22251.0
2020-05-06,36061,New York,22416.0
2020-05-07,36061,New York,22534.0
2020-05-08,36061,New York,22633.0
2020-05-09,36061,New York,22708.0
2020-05-10,36061,New York,22803.0
2020-05-11,36061,New York,22995.0
2020-05-12,36061,New York,23158.0
2020-05-13,36061,New York,23315.0
2020-05-14,36061,New York,23464.0
2020-05-15,36061,New York,23599.0
2020-05-16,36061,New York,23651.0
2020-05-17,36061,New York,23701.0
2020-05-18,36061,New York,23832.0
2020-05-19,36061,New York,23999.0
2020-05-20,36061,New York,24164.0
2020-05-21,36061,New York,24309.0
2020-05-22,36061,New York,24461.0
2020-05-23,36061,New York,24510.0
2020-05-24,36061,New York,24579.0
2020-05-25,36061,New York,24649.0
2020-05-26,36061,New York,24775.0
2020-05-27,36061,New York,24883.0
2020-05-28,36061,New York,24982.0
2020-05-29,36061,New York,25055.0
2020-05-30,36061,New York,25093.0
2020-05-31,36061,New York,25118.0
2020-06-01,36061,New York,25195.0
2020-06-02,36061,New York,25266.0
2020-06-03,36061,New York,25341.0
2020-06-04,36061,New York,25429.0
2020-06-05,36061,New York,25482.0
2020-06-06,36061,New York,25515.0
2020-06-07,36061,New York,25540.0
2020-06-08,36061,New York,25615.0
2020-06-09,36061,New York,25682.0
2020-06-10,36061,New York,25751.0
2020-06-11,36061,New York,25805.0
2020-06-12,36061,New York,25863.0
2020-06-13,36061,New York,25887.0
2020-06-14,36061,New York,25915.0
2020-06-15,36061,New York,25974.0
2020-06-16,36061,New York,26041.0
2020-06-17,36061,New York,26106.0
2020-06-18,36061,New York,26164.0
2020-06-19,36061,New York,26220.0
2020-06-20,36061,New York,26264.0
2020-06-21,36061,New York,26290.0
2020-06-22,36061,New York,26352.0
2020-06-23,36061,New York,26429.0
2020-06-24,36061,New York,26502.0
2020-06-25,36061,New York,26548.0
2020-06-26,36061,New York,26611.0
2020-06-27,36061,New York,26648.0
2020-06-28,36061,New York,26689.0
2020-06-29,36061,New York,26769.0
2020-06-30,36061,New York,26863.0
2020-07-01,36061,New York,26946.0
2020-07-02,36061,New York,27027.0
2020-07-03,36061,New York,27076.0
2020-07-04,36061,New York,27108.0
2020-07-05,36061,New York,27140.0
2020-07-06,36061,New York,27217.0
2020-07-07,36061,New York,27304.0
2020-07-08,36061,New York,27424.0
2020-07-09,36061,New York,27510.0
2020-07-10,36061,New York,27559.0
2020-07-11,36061,New York,27606.0
2020-07-12,36061,New York,27648.0
2020-07-13,36061,New York,27727.0
2020-07-14,36061,New York,27807.0
2020-07-15,36061,New York,27877.0
2020-07-16,36061,New York,27966.0
2020-07-17,36061,New York,28076.0
2020-07-18,36061,New York,28112.0
2020-07-19,36061,New York,28146.0
2020-07-20,36061,New York,28226.0
2020-07-21,36061,New York,28295.0
2020-07-22,36061,New York,28354.0
2020-07-23,36061,New York,28419.0
2020-07-24,36061,New York,28475.0
2020-07-25,36061,New York,28509.0
2020-07-26,36061,New York,28527.0
2020-07-27,36061,New York,28600.0
2020-07-28,36061,New York,28658.0
2020-07-29,36061,New York,28714.0
2020-07-30,36061,New York,28758.0
2020-07-31,36061,New York,28810.0
2020-08-01,36061,New York,28843.0
2020-08-02,36061,New York,28868.0
2020-08-03,36061,New York,28924.0
2020-08-04,36061,New York,28962.0
2020-08-05,36061,New York,29009.0
2020-08-06,36061,New York,29063.0
2020-08-07,36061,New York,29113.0
2020-08-08,36061,New York,29136.0
2020-08-09,36061,New York,29154.0
2020-08-10,36061,New York,29203.0
2020-08-11,36061,New York,29245.0
2020-08-12,36061,New York,29288.0
2020-08-13,36061,New York,29339.0
2020-08-14,36061,New York,29383.0
2020-08-15,36061,New York,29408.0
2020-08-16,36061,New York,29430.0
2020-08-17,36061,New York,29487.0
2020-08-18,36061,New York,29549.0
2020-08-19,36061,New York,29601.0
2020-08-20,36061,New York,29634.0
2020-08-21,36061,New York,29685.0
2020-08-22,36061,New York,29715.0
2020-08-23,36061,New York,29732.0
2020-08-24,36061,New York,29782.0
2020-08-25,36061,New York,29836.0
2020-08-26,36061,New York,29887.0
2020-08-27,36061,New York,29935.0
2020-08-28,36061,New York,29987.0
2020-08-29,36061,New York,30010.0
2020-08-30,36061,New York,30046.0
2020-08-31,36061,New York,30874.0
2020-09-01,36061,New York,30900.0
2020-09-02,36061,New York,30937.0
2020-09-03,36061,New York,30991.0
2020-09-04,36061,New York,31050.0
2020-09-05,36061,New York,31104.0
2020-09-06,36061,New York,31143.0
2020-09-07,36061,New York,31177.0
2020-09-08,36061,New York,31199.0
2020-09-09,36061,New York,31232.0
2020-09-10,36061,New York,31277.0
2020-09-11,36061,New York,31341.0
2020-09-12,36061,New York,31415.0
2020-09-13,36061,New York,31480.0
2020-09-14,36061,New York,31540.0
2020-09-15,36061,New York,31579.0
2020-09-16,36061,New York,31626.0
2020-09-17,36061,New York,31699.0
2020-09-18,36061,New York,31748.0
2020-09-19,36061,New York,31808.0
2020-09-20,36061,New York,31868.0
2020-09-21,36061,New York,31916.0
2020-09-22,36061,New York,31951.0
2020-09-23,36061,New York,31980.0
2020-09-24,36061,New York,32041.0
2020-09-25,36061,New York,32097.0
2020-09-26,36061,New York,32173.0
2020-09-27,36061,New York,32238.0
2020-09-28,36061,New York,32312.0
2020-09-29,36061,New York,32352.0
2020-09-30,36061,New York,32391.0
2020-10-01,36061,New York,32451.0
2020-10-02,36061,New York,32542.0
2020-10-03,36061,New York,32640.0
2020-10-04,36061,New York,32736.0
2020-10-05,36061,New York,32821.0
2020-10-06,36061,New York,32870.0
2020-10-07,36061,New York,32903.0
2020-10-08,36061,New York,33011.0
2020-10-09,36061,New York,33095.0
2020-10-10,36061,New York,33180.0
2020-10-11,36061,New York,33265.0
2020-10-12,36061,New York,33344.0
2020-10-13,36061,New York,33395.0
2020-10-14,36061,New York,33432.0
2020-10-15,36061,New York,33525.0
2020-10-16,36061,New York,33647.0
2020-10-17,36061,New York,33755.0
2020-10-18,36061,New York,33874.0
2020-10-19,36061,New York,33994.0
2020-10-20,36061,New York,34063.0
2020-10-21,36061,New York,34121.0
2020-10-22,36061,New York,34250.0
2020-10-23,36061,New York,34381.0
2020-10-24,36061,New York,34526.0
2020-10-25,36061,New York,34691.0
2020-10-26,36061,New York,34803.0
2020-10-27,36061,New York,34882.0
2020-10-28,36061,New York,34958.0
2020-10-29,36061,New York,35117.0
2020-10-30,36061,New York,35286.0
2020-10-31,36061,New York,35466.0
2020-11-01,36061,New York,35627.0
2020-11-02,36061,New York,35778.0
2020-11-03,36061,New York,35859.0
2020-11-04,36061,New York,35968.0
2020-11-05,36061,New York,36164.0
2020-11-06,36061,New York,36371.0
2020-11-07,36061,New York,36636.0
2020-11-08,36061,New York,36925.0
2020-11-09,36061,New York,37176.0
2020-11-10,36061,New York,37396.0
2020-11-11,36061,New York,37604.0
2020-11-12,36061,New York,37986.0
2020-11-13,36061,New York,38376.0
2020-11-14,36061,New York,38762.0
2020-11-15,36061,New York,39165.0
2020-11-16,36061,New York,39529.0
2020-11-17,36061,New York,39756.0
2020-11-18,36061,New York,39963.0
2020-11-19,36061,New York,40398.0
2020-11-20,36061,New York,40792.0
2020-11-21,36061,New York,41222.0
2020-11-22,36061,New York,41663.0
2020-11-23,36061,New York,42078.0
2020-11-24,36061,New York,42323.0
2020-11-25,36061,New York,42559.0
2020-11-26,36061,New York,43062.0
2020-11-27,36061,New York,43533.0
2020-11-28,36061,New York,44050.0
2020-11-29,36061,New York,44263.0
2020-11-30,36061,New York,44795.0
2020-12-01,36061,New York,45189.0
2020-12-02,36061,New York,45515.0
2020-12-03,36061,New York,46030.0
2020-12-04,36061,New York,46699.0
2020-12-05,36061,New York,47307.0
2020-12-06,36061,New York,47899.0
2020-12-07,36061,New York,48416.0
2020-12-08,36061,New York,48711.0
2020-12-09,36061,New York,49035.0
2020-12-10,36061,New York,49645.0
2020-12-11,36061,New York,50256.0
2020-12-12,36061,New York,50898.0
2020-12-13,36061,New York,51507.0
2020-12-14,36061,New York,52163.0
2020-12-15,36061,New York,52533.0
2020-12-16,36061,New York,52958.0
2020-12-17,36061,New York,53594.0
2020-12-18,36061,New York,54279.0
2020-12-19,36061,New York,54853.0
2020-12-20,36061,New York,55316.0
2020-12-21,36061,New York,55977.0
2020-12-22,36061,New York,56390.0
2020-12-23,36061,New York,56768.0
2020-12-24,36061,New York,57492.0
2020-12-25,36061,New York,58123.0
2020-12-26,36061,New York,58714.0
2020-12-27,36061,New York,59183.0
2020-12-28,36061,New York,59386.0
2020-12-29,36061,New York,59804.0
2020-02-29,36081,Queens,0.0
2020-03-01,36081,Queens,0.0
2020-03-02,36081,Queens,0.0
2020-03-03,36081,Queens,1.0
2020-03-04,36081,Queens,3.0
2020-03-05,36081,Queens,3.0
2020-03-06,36081,Queens,4.0
2020-03-07,36081,Queens,7.0
2020-03-08,36081,Queens,13.0
2020-03-09,36081,Queens,23.0
2020-03-10,36081,Queens,47.0
2020-03-11,36081,Queens,87.0
2020-03-12,36081,Queens,167.0
2020-03-13,36081,Queens,333.0
2020-03-14,36081,Queens,528.0
2020-03-15,36081,Queens,758.0
2020-03-16,36081,Queens,1286.0
2020-03-17,36081,Queens,1937.0
2020-03-18,36081,Queens,2771.0
2020-03-19,36081,Queens,3836.0
2020-03-20,36081,Queens,5020.0
2020-03-21,36081,Queens,5967.0
2020-03-22,36081,Queens,6663.0
2020-03-23,36081,Queens,7852.0
2020-03-24,36081,Queens,9245.0
2020-03-25,36081,Queens,10817.0
2020-03-26,36081,Queens,12459.0
2020-03-27,36081,Queens,14035.0
2020-03-28,36081,Queens,15235.0
2020-03-29,36081,Queens,16311.0
2020-03-30,36081,Queens,18168.0
2020-03-31,36081,Queens,19977.0
2020-04-01,36081,Queens,21761.0
2020-04-02,36081,Queens,23583.0
2020-04-03,36081,Queens,25345.0
2020-04-04,36081,Queens,26546.0
2020-04-05,36081,Queens,27681.0
2020-04-06,36081,Queens,29606.0
2020-04-07,36081,Queens,31554.0
2020-04-08,36081,Queens,33409.0
2020-04-09,36081,Queens,34970.0
2020-04-10,36081,Queens,36303.0
2020-04-11,36081,Queens,37292.0
2020-04-12,36081,Queens,38210.0
2020-04-13,36081,Queens,39186.0
2020-04-14,36081,Queens,40488.0
2020-04-15,36081,Queens,41668.0
2020-04-16,36081,Queens,42808.0
2020-04-17,36081,Queens,43906.0
2020-04-18,36081,Queens,44611.0
2020-04-19,36081,Queens,45479.0
2020-04-20,36081,Queens,46702.0
2020-04-21,36081,Queens,47639.0
2020-04-22,36081,Queens,48748.0
2020-04-23,36081,Queens,49540.0
2020-04-24,36081,Queens,50315.0
2020-04-25,36081,Queens,50855.0
2020-04-26,36081,Queens,51186.0
2020-04-27,36081,Queens,51907.0
2020-04-28,36081,Queens,52803.0
2020-04-29,36081,Queens,53495.0
2020-04-30,36081,Queens,54088.0
2020-05-01,36081,Queens,54708.0
2020-05-02,36081,Queens,55041.0
2020-05-03,36081,Queens,55289.0
2020-05-04,36081,Queens,55726.0
2020-05-05,36081,Queens,56188.0
2020-05-06,36081,Queens,56632.0
2020-05-07,36081,Queens,56990.0
2020-05-08,36081,Queens,57335.0
2020-05-09,36081,Queens,57591.0
2020-05-10,36081,Queens,57676.0
2020-05-11,36081,Queens,58052.0
2020-05-12,36081,Queens,58366.0
2020-05-13,36081,Queens,58673.0
2020-05-14,36081,Queens,59004.0
2020-05-15,36081,Queens,59270.0
2020-05-16,36081,Queens,59406.0
2020-05-17,36081,Queens,59512.0
2020-05-18,36081,Queens,59785.0
2020-05-19,36081,Queens,60071.0
2020-05-20,36081,Queens,60325.0
2020-05-21,36081,Queens,60636.0
2020-05-22,36081,Queens,60876.0
2020-05-23,36081,Queens,61013.0
2020-05-24,36081,Queens,61134.0
2020-05-25,36081,Queens,61249.0
2020-05-26,36081,Queens,61516.0
2020-05-27,36081,Queens,61681.0
2020-05-28,36081,Queens,61859.0
2020-05-29,36081,Queens,62070.0
2020-05-30,36081,Queens,62179.0
2020-05-31,36081,Queens,62258.0
2020-06-01,36081,Queens,62415.0
2020-06-02,36081,Queens,62578.0
2020-06-03,36081,Queens,62726.0
2020-06-04,36081,Queens,62874.0
2020-06-05,36081,Queens,62977.0
2020-06-06,36081,Queens,63075.0
2020-06-07,36081,Queens,63149.0
2020-06-08,36081,Queens,63296.0
2020-06-09,36081,Queens,63426.0
2020-06-10,36081,Queens,63535.0
2020-06-11,36081,Queens,63652.0
2020-06-12,36081,Queens,63783.0
2020-06-13,36081,Queens,63856.0
2020-06-14,36081,Queens,63924.0
2020-06-15,36081,Queens,64046.0
2020-06-16,36081,Queens,64166.0
2020-06-17,36081,Queens,64259.0
2020-06-18,36081,Queens,64382.0
2020-06-19,36081,Queens,64505.0
2020-06-20,36081,Queens,64559.0
2020-06-21,36081,Queens,64617.0
2020-06-22,36081,Queens,64736.0
2020-06-23,36081,Queens,64857.0
2020-06-24,36081,Queens,64960.0
2020-06-25,36081,Queens,65039.0
2020-06-26,36081,Queens,65115.0
2020-06-27,36081,Queens,65175.0
2020-06-28,36081,Queens,65232.0
2020-06-29,36081,Queens,65365.0
2020-06-30,36081,Queens,65478.0
2020-07-01,36081,Queens,65571.0
2020-07-02,36081,Queens,65689.0
2020-07-03,36081,Queens,65754.0
2020-07-04,36081,Queens,65786.0
2020-07-05,36081,Queens,65824.0
2020-07-06,36081,Queens,65942.0
2020-07-07,36081,Queens,66048.0
2020-07-08,36081,Queens,66136.0
2020-07-09,36081,Queens,66230.0
2020-07-10,36081,Queens,66320.0
2020-07-11,36081,Queens,66406.0
2020-07-12,36081,Queens,66476.0
2020-07-13,36081,Queens,66614.0
2020-07-14,36081,Queens,66736.0
2020-07-15,36081,Queens,66826.0
2020-07-16,36081,Queens,66935.0
2020-07-17,36081,Queens,67040.0
2020-07-18,36081,Queens,67089.0
2020-07-19,36081,Queens,67135.0
2020-07-20,36081,Queens,67244.0
2020-07-21,36081,Queens,67344.0
2020-07-22,36081,Queens,67420.0
2020-07-23,36081,Queens,67483.0
2020-07-24,36081,Queens,67558.0
2020-07-25,36081,Queens,67604.0
2020-07-26,36081,Queens,67637.0
2020-07-27,36081,Queens,67715.0
2020-07-28,36081,Queens,67788.0
2020-07-29,36081,Queens,67855.0
2020-07-30,36081,Queens,67916.0
2020-07-31,36081,Queens,67974.0
2020-08-01,36081,Queens,68028.0
2020-08-02,36081,Queens,68061.0
2020-08-03,36081,Queens,68145.0
2020-08-04,36081,Queens,68191.0
2020-08-05,36081,Queens,68271.0
2020-08-06,36081,Queens,68336.0
2020-08-07,36081,Queens,68393.0
2020-08-08,36081,Queens,68436.0
2020-08-09,36081,Queens,68472.0
2020-08-10,36081,Queens,68548.0
2020-08-11,36081,Queens,68599.0
2020-08-12,36081,Queens,68685.0
2020-08-13,36081,Queens,68752.0
2020-08-14,36081,Queens,68821.0
2020-08-15,36081,Queens,68863.0
2020-08-16,36081,Queens,68902.0
2020-08-17,36081,Queens,68994.0
2020-08-18,36081,Queens,69081.0
2020-08-19,36081,Queens,69150.0
2020-08-20,36081,Queens,69204.0
2020-08-21,36081,Queens,69264.0
2020-08-22,36081,Queens,69298.0
2020-08-23,36081,Queens,69338.0
2020-08-24,36081,Queens,69422.0
2020-08-25,36081,Queens,69491.0
2020-08-26,36081,Queens,69557.0
2020-08-27,36081,Queens,69618.0
2020-08-28,36081,Queens,69669.0
2020-08-29,36081,Queens,69701.0
2020-08-30,36081,Queens,69743.0
2020-08-31,36081,Queens,71356.0
2020-09-01,36081,Queens,71391.0
2020-09-02,36081,Queens,71437.0
2020-09-03,36081,Queens,71517.0
2020-09-04,36081,Queens,71593.0
2020-09-05,36081,Queens,71665.0
2020-09-06,36081,Queens,71767.0
2020-09-07,36081,Queens,71830.0
2020-09-08,36081,Queens,71867.0
2020-09-09,36081,Queens,71933.0
2020-09-10,36081,Queens,71994.0
2020-09-11,36081,Queens,72101.0
2020-09-12,36081,Queens,72194.0
2020-09-13,36081,Queens,72273.0
2020-09-14,36081,Queens,72359.0
2020-09-15,36081,Queens,72426.0
2020-09-16,36081,Queens,72500.0
2020-09-17,36081,Queens,72606.0
2020-09-18,36081,Queens,72689.0
2020-09-19,36081,Queens,72786.0
2020-09-20,36081,Queens,72888.0
2020-09-21,36081,Queens,72966.0
2020-09-22,36081,Queens,73026.0
2020-09-23,36081,Queens,73060.0
2020-09-24,36081,Queens,73185.0
2020-09-25,36081,Queens,73296.0
2020-09-26,36081,Queens,73412.0
2020-09-27,36081,Queens,73518.0
2020-09-28,36081,Queens,73653.0
2020-09-29,36081,Queens,73723.0
2020-09-30,36081,Queens,73849.0
2020-10-01,36081,Queens,73969.0
2020-10-02,36081,Queens,74159.0
2020-10-03,36081,Queens,74310.0
2020-10-04,36081,Queens,74465.0
2020-10-05,36081,Queens,74626.0
2020-10-06,36081,Queens,74735.0
2020-10-07,36081,Queens,74838.0
2020-10-08,36081,Queens,75054.0
2020-10-09,36081,Queens,75218.0
2020-10-10,36081,Queens,75373.0
2020-10-11,36081,Queens,75503.0
2020-10-12,36081,Queens,75678.0
2020-10-13,36081,Queens,75790.0
2020-10-14,36081,Queens,75886.0
2020-10-15,36081,Queens,76019.0
2020-10-16,36081,Queens,76174.0
2020-10-17,36081,Queens,76366.0
2020-10-18,36081,Queens,76536.0
2020-10-19,36081,Queens,76696.0
2020-10-20,36081,Queens,76840.0
2020-10-21,36081,Queens,76989.0
2020-10-22,36081,Queens,77217.0
2020-10-23,36081,Queens,77418.0
2020-10-24,36081,Queens,77655.0
2020-10-25,36081,Queens,77889.0
2020-10-26,36081,Queens,78105.0
2020-10-27,36081,Queens,78245.0
2020-10-28,36081,Queens,78366.0
2020-10-29,36081,Queens,78579.0
2020-10-30,36081,Queens,78812.0
2020-10-31,36081,Queens,79077.0
2020-11-01,36081,Queens,79298.0
2020-11-02,36081,Queens,79521.0
2020-11-03,36081,Queens,79670.0
2020-11-04,36081,Queens,79822.0
2020-11-05,36081,Queens,80134.0
2020-11-06,36081,Queens,80405.0
2020-11-07,36081,Queens,80787.0
2020-11-08,36081,Queens,81198.0
2020-11-09,36081,Queens,81601.0
2020-11-10,36081,Queens,81937.0
2020-11-11,36081,Queens,82243.0
2020-11-12,36081,Queens,82802.0
2020-11-13,36081,Queens,83339.0
2020-11-14,36081,Queens,83898.0
2020-11-15,36081,Queens,84427.0
2020-11-16,36081,Queens,85017.0
2020-11-17,36081,Queens,85472.0
2020-11-18,36081,Queens,85840.0
2020-11-19,36081,Queens,86477.0
2020-11-20,36081,Queens,87066.0
2020-11-21,36081,Queens,87643.0
2020-11-22,36081,Queens,88244.0
2020-11-23,36081,Queens,88838.0
2020-11-24,36081,Queens,89265.0
2020-11-25,36081,Queens,89660.0
2020-11-26,36081,Queens,90423.0
2020-11-27,36081,Queens,91135.0
2020-11-28,36081,Queens,91961.0
2020-11-29,36081,Queens,92277.0
2020-11-30,36081,Queens,93124.0
2020-12-01,36081,Queens,93780.0
2020-12-02,36081,Queens,94434.0
2020-12-03,36081,Queens,95376.0
2020-12-04,36081,Queens,96491.0
2020-12-05,36081,Queens,97555.0
2020-12-06,36081,Queens,98595.0
2020-12-07,36081,Queens,99583.0
2020-12-08,36081,Queens,100366.0
2020-12-09,36081,Queens,101083.0
2020-12-10,36081,Queens,102353.0
2020-12-11,36081,Queens,103505.0
2020-12-12,36081,Queens,104677.0
2020-12-13,36081,Queens,105814.0
2020-12-14,36081,Queens,106987.0
2020-12-15,36081,Queens,107848.0
2020-12-16,36081,Queens,108781.0
2020-12-17,36081,Queens,110050.0
2020-12-18,36081,Queens,111383.0
2020-12-19,36081,Queens,112397.0
2020-12-20,36081,Queens,113085.0
2020-12-21,36081,Queens,114235.0
2020-12-22,36081,Queens,115216.0
2020-12-23,36081,Queens,116082.0
2020-12-24,36081,Queens,117624.0
2020-12-25,36081,Queens,119042.0
2020-12-26,36081,Queens,120344.0
2020-12-27,36081,Queens,121343.0
2020-12-28,36081,Queens,121748.0
2020-12-29,36081,Queens,122783.0
2020-02-29,36085,Richmond,0.0
2020-03-01,36085,Richmond,0.0
2020-03-02,36085,Richmond,0.0
2020-03-03,36085,Richmond,0.0
2020-03-04,36085,Richmond,0.0
2020-03-05,36085,Richmond,0.0
2020-03-06,36085,Richmond,2.0
2020-03-07,36085,Richmond,3.0
2020-03-08,36085,Richmond,4.0
2020-03-09,36085,Richmond,7.0
2020-03-10,36085,Richmond,9.0
2020-03-11,36085,Richmond,12.0
2020-03-12,36085,Richmond,25.0
2020-03-13,36085,Richmond,51.0
2020-03-14,36085,Richmond,74.0
2020-03-15,36085,Richmond,121.0
2020-03-16,36085,Richmond,212.0
2020-03-17,36085,Richmond,320.0
2020-03-18,36085,Richmond,470.0
2020-03-19,36085,Richmond,728.0
2020-03-20,36085,Richmond,1038.0
2020-03-21,36085,Richmond,1286.0
2020-03-22,36085,Richmond,1603.0
2020-03-23,36085,Richmond,1812.0
2020-03-24,36085,Richmond,2162.0
2020-03-25,36085,Richmond,2556.0
2020-03-26,36085,Richmond,2960.0
2020-03-27,36085,Richmond,3331.0
2020-03-28,36085,Richmond,3597.0
2020-03-29,36085,Richmond,3827.0
2020-03-30,36085,Richmond,4225.0
2020-03-31,36085,Richmond,4462.0
2020-04-01,36085,Richmond,4725.0
2020-04-02,36085,Richmond,5094.0
2020-04-03,36085,Richmond,5439.0
2020-04-04,36085,Richmond,5784.0
2020-04-05,36085,Richmond,6107.0
2020-04-06,36085,Richmond,6837.0
2020-04-07,36085,Richmond,7467.0
2020-04-08,36085,Richmond,8029.0
2020-04-09,36085,Richmond,8327.0
2020-04-10,36085,Richmond,8627.0
2020-04-11,36085,Richmond,8939.0
2020-04-12,36085,Richmond,9192.0
2020-04-13,36085,Richmond,9377.0
2020-04-14,36085,Richmond,9667.0
2020-04-15,36085,Richmond,9984.0
2020-04-16,36085,Richmond,10194.0
2020-04-17,36085,Richmond,10474.0
2020-04-18,36085,Richmond,10627.0
2020-04-19,36085,Richmond,10761.0
2020-04-20,36085,Richmond,10985.0
2020-04-21,36085,Richmond,11201.0
2020-04-22,36085,Richmond,11374.0
2020-04-23,36085,Richmond,11502.0
2020-04-24,36085,Richmond,11645.0
2020-04-25,36085,Richmond,11733.0
2020-04-26,36085,Richmond,11779.0
2020-04-27,36085,Richmond,11885.0
2020-04-28,36085,Richmond,12015.0
2020-04-29,36085,Richmond,12139.0
2020-04-30,36085,Richmond,12269.0
2020-05-01,36085,Richmond,12347.0
2020-05-02,36085,Richmond,12408.0
2020-05-03,36085,Richmond,12443.0
2020-05-04,36085,Richmond,12532.0
2020-05-05,36085,Richmond,12611.0
2020-05-06,36085,Richmond,12671.0
2020-05-07,36085,Richmond,12731.0
2020-05-08,36085,Richmond,12773.0
2020-05-09,36085,Richmond,12805.0
2020-05-10,36085,Richmond,12819.0
2020-05-11,36085,Richmond,12846.0
2020-05-12,36085,Richmond,12899.0
2020-05-13,36085,Richmond,12946.0
2020-05-14,36085,Richmond,12988.0
2020-05-15,36085,Richmond,13021.0
2020-05-16,36085,Richmond,13046.0
2020-05-17,36085,Richmond,13056.0
2020-05-18,36085,Richmond,13094.0
2020-05-19,36085,Richmond,13136.0
2020-05-20,36085,Richmond,13192.0
2020-05-21,36085,Richmond,13270.0
2020-05-22,36085,Richmond,13302.0
2020-05-23,36085,Richmond,13339.0
2020-05-24,36085,Richmond,13354.0
2020-05-25,36085,Richmond,13371.0
2020-05-26,36085,Richmond,13428.0
2020-05-27,36085,Richmond,13471.0
2020-05-28,36085,Richmond,13501.0
2020-05-29,36085,Richmond,13528.0
2020-05-30,36085,Richmond,13544.0
2020-05-31,36085,Richmond,13556.0
2020-06-01,36085,Richmond,13598.0
2020-06-02,36085,Richmond,13632.0
2020-06-03,36085,Richmond,13677.0
2020-06-04,36085,Richmond,13707.0
2020-06-05,36085,Richmond,13715.0
2020-06-06,36085,Richmond,13722.0
2020-06-07,36085,Richmond,13726.0
2020-06-08,36085,Richmond,13746.0
2020-06-09,36085,Richmond,13765.0
2020-06-10,36085,Richmond,13779.0
2020-06-11,36085,Richmond,13795.0
2020-06-12,36085,Richmond,13813.0
2020-06-13,36085,Richmond,13815.0
2020-06-14,36085,Richmond,13819.0
2020-06-15,36085,Richmond,13837.0
2020-06-16,36085,Richmond,13857.0
2020-06-17,36085,Richmond,13874.0
2020-06-18,36085,Richmond,13899.0
2020-06-19,36085,Richmond,13908.0
2020-06-20,36085,Richmond,13914.0
2020-06-21,36085,Richmond,13923.0
2020-06-22,36085,Richmond,13941.0
2020-06-23,36085,Richmond,13957.0
2020-06-24,36085,Richmond,13971.0
2020-06-25,36085,Richmond,13999.0
2020-06-26,36085,Richmond,14015.0
2020-06-27,36085,Richmond,14028.0
2020-06-28,36085,Richmond,14039.0
2020-06-29,36085,Richmond,14062.0
2020-06-30,36085,Richmond,14091.0
2020-07-01,36085,Richmond,14130.0
2020-07-02,36085,Richmond,14147.0
2020-07-03,36085,Richmond,14155.0
2020-07-04,36085,Richmond,14167.0
2020-07-05,36085,Richmond,14179.0
2020-07-06,36085,Richmond,14207.0
2020-07-07,36085,Richmond,14239.0
2020-07-08,36085,Richmond,14264.0
2020-07-09,36085,Richmond,14282.0
2020-07-10,36085,Richmond,14295.0
2020-07-11,36085,Richmond,14308.0
2020-07-12,36085,Richmond,14321.0
2020-07-13,36085,Richmond,14356.0
2020-07-14,36085,Richmond,14375.0
2020-07-15,36085,Richmond,14397.0
2020-07-16,36085,Richmond,14432.0
2020-07-17,36085,Richmond,14455.0
2020-07-18,36085,Richmond,14474.0
2020-07-19,36085,Richmond,14491.0
2020-07-20,36085,Richmond,14523.0
2020-07-21,36085,Richmond,14544.0
2020-07-22,36085,Richmond,14564.0
2020-07-23,36085,Richmond,14591.0
2020-07-24,36085,Richmond,14619.0
2020-07-25,36085,Richmond,14632.0
2020-07-26,36085,Richmond,14651.0
2020-07-27,36085,Richmond,14677.0
2020-07-28,36085,Richmond,14695.0
2020-07-29,36085,Richmond,14709.0
2020-07-30,36085,Richmond,14721.0
2020-07-31,36085,Richmond,14739.0
2020-08-01,36085,Richmond,14746.0
2020-08-02,36085,Richmond,14754.0
2020-08-03,36085,Richmond,14773.0
2020-08-04,36085,Richmond,14780.0
2020-08-05,36085,Richmond,14795.0
2020-08-06,36085,Richmond,14813.0
2020-08-07,36085,Richmond,14819.0
2020-08-08,36085,Richmond,14826.0
2020-08-09,36085,Richmond,14838.0
2020-08-10,36085,Richmond,14860.0
2020-08-11,36085,Richmond,14878.0
2020-08-12,36085,Richmond,14896.0
2020-08-13,36085,Richmond,14908.0
2020-08-14,36085,Richmond,14924.0
2020-08-15,36085,Richmond,14933.0
2020-08-16,36085,Richmond,14940.0
2020-08-17,36085,Richmond,14954.0
2020-08-18,36085,Richmond,14968.0
2020-08-19,36085,Richmond,14986.0
2020-08-20,36085,Richmond,15006.0
2020-08-21,36085,Richmond,15020.0
2020-08-22,36085,Richmond,15027.0
2020-08-23,36085,Richmond,15034.0
2020-08-24,36085,Richmond,15049.0
2020-08-25,36085,Richmond,15061.0
2020-08-26,36085,Richmond,15077.0
2020-08-27,36085,Richmond,15090.0
2020-08-28,36085,Richmond,15111.0
2020-08-29,36085,Richmond,15118.0
2020-08-30,36085,Richmond,15142.0
2020-08-31,36085,Richmond,15355.0
2020-09-01,36085,Richmond,15364.0
2020-09-02,36085,Richmond,15388.0
2020-09-03,36085,Richmond,15410.0
2020-09-04,36085,Richmond,15435.0
2020-09-05,36085,Richmond,15452.0
2020-09-06,36085,Richmond,15472.0
2020-09-07,36085,Richmond,15500.0
2020-09-08,36085,Richmond,15524.0
2020-09-09,36085,Richmond,15538.0
2020-09-10,36085,Richmond,15557.0
2020-09-11,36085,Richmond,15589.0
2020-09-12,36085,Richmond,15616.0
2020-09-13,36085,Richmond,15643.0
2020-09-14,36085,Richmond,15660.0
2020-09-15,36085,Richmond,15680.0
2020-09-16,36085,Richmond,15695.0
2020-09-17,36085,Richmond,15721.0
2020-09-18,36085,Richmond,15740.0
2020-09-19,36085,Richmond,15759.0
2020-09-20,36085,Richmond,15784.0
2020-09-21,36085,Richmond,15810.0
2020-09-22,36085,Richmond,15825.0
2020-09-23,36085,Richmond,15848.0
2020-09-24,36085,Richmond,15876.0
2020-09-25,36085,Richmond,15902.0
2020-09-26,36085,Richmond,15940.0
2020-09-27,36085,Richmond,15971.0
2020-09-28,36085,Richmond,16006.0
2020-09-29,36085,Richmond,16041.0
2020-09-30,36085,Richmond,16070.0
2020-10-01,36085,Richmond,16119.0
2020-10-02,36085,Richmond,16153.0
2020-10-03,36085,Richmond,16196.0
2020-10-04,36085,Richmond,16224.0
2020-10-05,36085,Richmond,16268.0
2020-10-06,36085,Richmond,16295.0
2020-10-07,36085,Richmond,16332.0
2020-10-08,36085,Richmond,16377.0
2020-10-09,36085,Richmond,16411.0
2020-10-10,36085,Richmond,16458.0
2020-10-11,36085,Richmond,16494.0
2020-10-12,36085,Richmond,16537.0
2020-10-13,36085,Richmond,16580.0
2020-10-14,36085,Richmond,16600.0
2020-10-15,36085,Richmond,16639.0
2020-10-16,36085,Richmond,16692.0
2020-10-17,36085,Richmond,16734.0
2020-10-18,36085,Richmond,16781.0
2020-10-19,36085,Richmond,16829.0
2020-10-20,36085,Richmond,16876.0
2020-10-21,36085,Richmond,16927.0
2020-10-22,36085,Richmond,16976.0
2020-10-23,36085,Richmond,17030.0
2020-10-24,36085,Richmond,17091.0
2020-10-25,36085,Richmond,17193.0
2020-10-26,36085,Richmond,17255.0
2020-10-27,36085,Richmond,17302.0
2020-10-28,36085,Richmond,17354.0
2020-10-29,36085,Richmond,17458.0
2020-10-30,36085,Richmond,17562.0
2020-10-31,36085,Richmond,17681.0
2020-11-01,36085,Richmond,17771.0
2020-11-02,36085,Richmond,17874.0
2020-11-03,36085,Richmond,17943.0
2020-11-04,36085,Richmond,18010.0
2020-11-05,36085,Richmond,18148.0
2020-11-06,36085,Richmond,18285.0
2020-11-07,36085,Richmond,18470.0
2020-11-08,36085,Richmond,18633.0
2020-11-09,36085,Richmond,18817.0
2020-11-10,36085,Richmond,18962.0
2020-11-11,36085,Richmond,19124.0
2020-11-12,36085,Richmond,19396.0
2020-11-13,36085,Richmond,19634.0
2020-11-14,36085,Richmond,19853.0
2020-11-15,36085,Richmond,20079.0
2020-11-16,36085,Richmond,20313.0
2020-11-17,36085,Richmond,20481.0
2020-11-18,36085,Richmond,20686.0
2020-11-19,36085,Richmond,20941.0
2020-11-20,36085,Richmond,21180.0
2020-11-21,36085,Richmond,21430.0
2020-11-22,36085,Richmond,21680.0
2020-11-23,36085,Richmond,21942.0
2020-11-24,36085,Richmond,22136.0
2020-11-25,36085,Richmond,22349.0
2020-11-26,36085,Richmond,22694.0
2020-11-27,36085,Richmond,22978.0
2020-11-28,36085,Richmond,23333.0
2020-11-29,36085,Richmond,23458.0
2020-11-30,36085,Richmond,23803.0
2020-12-01,36085,Richmond,24070.0
2020-12-02,36085,Richmond,24414.0
2020-12-03,36085,Richmond,24883.0
2020-12-04,36085,Richmond,25350.0
2020-12-05,36085,Richmond,25821.0
2020-12-06,36085,Richmond,26249.0
2020-12-07,36085,Richmond,26635.0
2020-12-08,36085,Richmond,26968.0
2020-12-09,36085,Richmond,27235.0
2020-12-10,36085,Richmond,27689.0
2020-12-11,36085,Richmond,28073.0
2020-12-12,36085,Richmond,28459.0
2020-12-13,36085,Richmond,28805.0
2020-12-14,36085,Richmond,29133.0
2020-12-15,36085,Richmond,29384.0
2020-12-16,36085,Richmond,29689.0
2020-12-17,36085,Richmond,30112.0
2020-12-18,36085,Richmond,30499.0
2020-12-19,36085,Richmond,30789.0
2020-12-20,36085,Richmond,31029.0
2020-12-21,36085,Richmond,31404.0
2020-12-22,36085,Richmond,31718.0
2020-12-23,36085,Richmond,32081.0
2020-12-24,36085,Richmond,32568.0
2020-12-25,36085,Richmond,32983.0
2020-12-26,36085,Richmond,33364.0
2020-12-27,36085,Richmond,33582.0
2020-12-28,36085,Richmond,33726.0
2020-12-29,36085,Richmond,34134.0
